index,LOCATION,INDICATOR,SUBJECT,TIME,Value,LOCATION_encoded,INDICATOR_encoded,SUBJECT_encoded,Cluster
0,AUS,PISAMATH,BOY,2003,527.0,0,0,0,1
1,AUS,PISAMATH,BOY,2006,527.0,0,0,0,1
2,AUS,PISAMATH,BOY,2009,519.0,0,0,0,1
3,AUS,PISAMATH,BOY,2012,510.115,0,0,0,1
4,AUS,PISAMATH,BOY,2015,497.0,0,0,0,1
5,AUS,PISAMATH,BOY,2018,494.0,0,0,0,1
6,AUS,PISAMATH,GIRL,2003,522.0,0,0,1,1
7,AUS,PISAMATH,GIRL,2006,513.0,0,0,1,1
8,AUS,PISAMATH,GIRL,2009,509.0,0,0,1,1
9,AUS,PISAMATH,GIRL,2012,497.821,0,0,1,1
10,AUS,PISAMATH,GIRL,2015,491.0,0,0,1,1
11,AUS,PISAMATH,GIRL,2018,488.0,0,0,1,1
12,AUT,PISAMATH,BOY,2003,509.0,1,0,0,1
13,AUT,PISAMATH,BOY,2006,517.0,1,0,0,1
14,AUT,PISAMATH,BOY,2012,516.682,1,0,0,1
15,AUT,PISAMATH,BOY,2015,510.0,1,0,0,1
16,AUT,PISAMATH,BOY,2018,505.0,1,0,0,1
17,AUT,PISAMATH,GIRL,2003,502.0,1,0,1,1
18,AUT,PISAMATH,GIRL,2006,494.0,1,0,1,1
19,AUT,PISAMATH,GIRL,2012,494.462,1,0,1,1
20,AUT,PISAMATH,GIRL,2015,483.0,1,0,1,1
21,AUT,PISAMATH,GIRL,2018,492.0,1,0,1,1
22,BEL,PISAMATH,BOY,2003,533.0,2,0,0,1
23,BEL,PISAMATH,BOY,2006,524.0,2,0,0,1
24,BEL,PISAMATH,BOY,2009,526.0,2,0,0,1
25,BEL,PISAMATH,BOY,2012,520.081,2,0,0,1
26,BEL,PISAMATH,BOY,2015,514.0,2,0,0,1
27,BEL,PISAMATH,BOY,2018,514.0,2,0,0,1
28,BEL,PISAMATH,GIRL,2003,525.0,2,0,1,1
29,BEL,PISAMATH,GIRL,2006,517.0,2,0,1,1
30,BEL,PISAMATH,GIRL,2009,504.0,2,0,1,1
31,BEL,PISAMATH,GIRL,2012,508.935,2,0,1,1
32,BEL,PISAMATH,GIRL,2015,500.0,2,0,1,1
33,BEL,PISAMATH,GIRL,2018,502.0,2,0,1,1
34,CAN,PISAMATH,BOY,2003,541.0,4,0,0,1
35,CAN,PISAMATH,BOY,2006,534.0,4,0,0,1
36,CAN,PISAMATH,BOY,2009,533.0,4,0,0,1
37,CAN,PISAMATH,BOY,2012,523.154,4,0,0,1
38,CAN,PISAMATH,BOY,2015,520.0,4,0,0,1
39,CAN,PISAMATH,BOY,2018,514.0,4,0,0,1
40,CAN,PISAMATH,GIRL,2003,530.0,4,0,1,1
41,CAN,PISAMATH,GIRL,2006,520.0,4,0,1,1
42,CAN,PISAMATH,GIRL,2009,521.0,4,0,1,1
43,CAN,PISAMATH,GIRL,2012,513.022,4,0,1,1
44,CAN,PISAMATH,GIRL,2015,511.0,4,0,1,1
45,CAN,PISAMATH,GIRL,2018,510.0,4,0,1,1
46,CZE,PISAMATH,BOY,2003,524.0,9,0,0,1
47,CZE,PISAMATH,BOY,2006,514.0,9,0,0,1
48,CZE,PISAMATH,BOY,2009,495.0,9,0,0,1
49,CZE,PISAMATH,BOY,2012,504.71,9,0,0,1
50,CZE,PISAMATH,BOY,2015,496.0,9,0,0,1
51,CZE,PISAMATH,BOY,2018,501.0,9,0,0,1
52,CZE,PISAMATH,GIRL,2003,509.0,9,0,1,1
53,CZE,PISAMATH,GIRL,2006,504.0,9,0,1,1
54,CZE,PISAMATH,GIRL,2009,490.0,9,0,1,1
55,CZE,PISAMATH,GIRL,2012,492.903,9,0,1,1
56,CZE,PISAMATH,GIRL,2015,489.0,9,0,1,1
57,CZE,PISAMATH,GIRL,2018,498.0,9,0,1,1
58,DNK,PISAMATH,BOY,2003,523.0,11,0,0,1
59,DNK,PISAMATH,BOY,2006,518.0,11,0,0,1
60,DNK,PISAMATH,BOY,2009,511.0,11,0,0,1
61,DNK,PISAMATH,BOY,2012,506.953,11,0,0,1
62,DNK,PISAMATH,BOY,2015,516.0,11,0,0,1
63,DNK,PISAMATH,BOY,2018,511.0,11,0,0,1
64,DNK,PISAMATH,GIRL,2003,506.0,11,0,1,1
65,DNK,PISAMATH,GIRL,2006,508.0,11,0,1,1
66,DNK,PISAMATH,GIRL,2009,495.0,11,0,1,1
67,DNK,PISAMATH,GIRL,2012,493.029,11,0,1,1
68,DNK,PISAMATH,GIRL,2015,506.0,11,0,1,1
69,DNK,PISAMATH,GIRL,2018,507.0,11,0,1,1
70,FIN,PISAMATH,BOY,2003,548.0,14,0,0,1
71,FIN,PISAMATH,BOY,2006,554.0,14,0,0,1
72,FIN,PISAMATH,BOY,2009,542.0,14,0,0,1
73,FIN,PISAMATH,BOY,2012,517.391,14,0,0,1
74,FIN,PISAMATH,BOY,2015,507.0,14,0,0,1
75,FIN,PISAMATH,BOY,2018,504.0,14,0,0,1
76,FIN,PISAMATH,GIRL,2003,541.0,14,0,1,1
77,FIN,PISAMATH,GIRL,2006,543.0,14,0,1,1
78,FIN,PISAMATH,GIRL,2009,539.0,14,0,1,1
79,FIN,PISAMATH,GIRL,2012,520.185,14,0,1,1
80,FIN,PISAMATH,GIRL,2015,515.0,14,0,1,1
81,FIN,PISAMATH,GIRL,2018,510.0,14,0,1,1
82,FRA,PISAMATH,BOY,2003,515.0,15,0,0,1
83,FRA,PISAMATH,BOY,2006,499.0,15,0,0,1
84,FRA,PISAMATH,BOY,2009,505.0,15,0,0,1
85,FRA,PISAMATH,BOY,2012,499.355,15,0,0,1
86,FRA,PISAMATH,BOY,2015,496.0,15,0,0,1
87,FRA,PISAMATH,BOY,2018,499.0,15,0,0,1
88,FRA,PISAMATH,GIRL,2003,507.0,15,0,1,1
89,FRA,PISAMATH,GIRL,2006,492.0,15,0,1,1
90,FRA,PISAMATH,GIRL,2009,489.0,15,0,1,1
91,FRA,PISAMATH,GIRL,2012,490.853,15,0,1,1
92,FRA,PISAMATH,GIRL,2015,490.0,15,0,1,1
93,FRA,PISAMATH,GIRL,2018,492.0,15,0,1,1
94,DEU,PISAMATH,BOY,2003,508.0,10,0,0,1
95,DEU,PISAMATH,BOY,2006,513.0,10,0,0,1
96,DEU,PISAMATH,BOY,2009,520.0,10,0,0,1
97,DEU,PISAMATH,BOY,2012,520.19,10,0,0,1
98,DEU,PISAMATH,BOY,2015,514.0,10,0,0,1
99,DEU,PISAMATH,BOY,2018,503.0,10,0,0,1
100,DEU,PISAMATH,GIRL,2003,499.0,10,0,1,1
101,DEU,PISAMATH,GIRL,2006,494.0,10,0,1,1
102,DEU,PISAMATH,GIRL,2009,505.0,10,0,1,1
103,DEU,PISAMATH,GIRL,2012,506.625,10,0,1,1
104,DEU,PISAMATH,GIRL,2015,498.0,10,0,1,1
105,DEU,PISAMATH,GIRL,2018,496.0,10,0,1,1
106,GRC,PISAMATH,BOY,2003,455.0,17,0,0,2
107,GRC,PISAMATH,BOY,2006,462.0,17,0,0,2
108,GRC,PISAMATH,BOY,2009,473.0,17,0,0,1
109,GRC,PISAMATH,BOY,2012,457.039,17,0,0,2
110,GRC,PISAMATH,BOY,2015,454.0,17,0,0,2
111,GRC,PISAMATH,BOY,2018,452.0,17,0,0,2
112,GRC,PISAMATH,GIRL,2003,436.0,17,0,1,2
113,GRC,PISAMATH,GIRL,2006,457.0,17,0,1,2
114,GRC,PISAMATH,GIRL,2009,459.0,17,0,1,2
115,GRC,PISAMATH,GIRL,2012,448.984,17,0,1,2
116,GRC,PISAMATH,GIRL,2015,454.0,17,0,1,2
117,GRC,PISAMATH,GIRL,2018,451.0,17,0,1,2
118,HUN,PISAMATH,BOY,2003,494.0,19,0,0,1
119,HUN,PISAMATH,BOY,2006,496.0,19,0,0,1
120,HUN,PISAMATH,BOY,2009,496.0,19,0,0,1
121,HUN,PISAMATH,BOY,2012,481.749,19,0,0,1
122,HUN,PISAMATH,BOY,2015,481.0,19,0,0,1
123,HUN,PISAMATH,BOY,2018,486.0,19,0,0,1
124,HUN,PISAMATH,GIRL,2003,486.0,19,0,1,1
125,HUN,PISAMATH,GIRL,2006,486.0,19,0,1,1
126,HUN,PISAMATH,GIRL,2009,484.0,19,0,1,1
127,HUN,PISAMATH,GIRL,2012,472.664,19,0,1,1
128,HUN,PISAMATH,GIRL,2015,473.0,19,0,1,1
129,HUN,PISAMATH,GIRL,2018,477.0,19,0,1,1
130,ISL,PISAMATH,BOY,2003,508.0,22,0,0,1
131,ISL,PISAMATH,BOY,2006,503.0,22,0,0,1
132,ISL,PISAMATH,BOY,2009,508.0,22,0,0,1
133,ISL,PISAMATH,BOY,2012,489.72,22,0,0,1
134,ISL,PISAMATH,BOY,2015,487.0,22,0,0,1
135,ISL,PISAMATH,BOY,2018,490.0,22,0,0,1
136,ISL,PISAMATH,GIRL,2003,523.0,22,0,1,1
137,ISL,PISAMATH,GIRL,2006,508.0,22,0,1,1
138,ISL,PISAMATH,GIRL,2009,505.0,22,0,1,1
139,ISL,PISAMATH,GIRL,2012,495.947,22,0,1,1
140,ISL,PISAMATH,GIRL,2015,489.0,22,0,1,1
141,ISL,PISAMATH,GIRL,2018,500.0,22,0,1,1
142,IRL,PISAMATH,BOY,2003,510.0,21,0,0,1
143,IRL,PISAMATH,BOY,2006,507.0,21,0,0,1
144,IRL,PISAMATH,BOY,2009,491.0,21,0,0,1
145,IRL,PISAMATH,BOY,2012,509.035,21,0,0,1
146,IRL,PISAMATH,BOY,2015,512.0,21,0,0,1
147,IRL,PISAMATH,BOY,2018,503.0,21,0,0,1
148,IRL,PISAMATH,GIRL,2003,495.0,21,0,1,1
149,IRL,PISAMATH,GIRL,2006,496.0,21,0,1,1
150,IRL,PISAMATH,GIRL,2009,483.0,21,0,1,1
151,IRL,PISAMATH,GIRL,2012,493.705,21,0,1,1
152,IRL,PISAMATH,GIRL,2015,495.0,21,0,1,1
153,IRL,PISAMATH,GIRL,2018,497.0,21,0,1,1
154,ITA,PISAMATH,BOY,2003,475.0,24,0,0,1
155,ITA,PISAMATH,BOY,2006,470.0,24,0,0,1
156,ITA,PISAMATH,BOY,2009,490.0,24,0,0,1
157,ITA,PISAMATH,BOY,2012,494.199,24,0,0,1
158,ITA,PISAMATH,BOY,2015,500.0,24,0,0,1
159,ITA,PISAMATH,BOY,2018,494.0,24,0,0,1
160,ITA,PISAMATH,GIRL,2003,457.0,24,0,1,2
161,ITA,PISAMATH,GIRL,2006,453.0,24,0,1,2
162,ITA,PISAMATH,GIRL,2009,475.0,24,0,1,1
163,ITA,PISAMATH,GIRL,2012,475.794,24,0,1,1
164,ITA,PISAMATH,GIRL,2015,480.0,24,0,1,1
165,ITA,PISAMATH,GIRL,2018,479.0,24,0,1,1
166,JPN,PISAMATH,BOY,2003,539.0,25,0,0,1
167,JPN,PISAMATH,BOY,2006,533.0,25,0,0,1
168,JPN,PISAMATH,BOY,2009,534.0,25,0,0,1
169,JPN,PISAMATH,BOY,2012,544.884,25,0,0,1
170,JPN,PISAMATH,BOY,2015,539.0,25,0,0,1
171,JPN,PISAMATH,BOY,2018,532.0,25,0,0,1
172,JPN,PISAMATH,GIRL,2003,530.0,25,0,1,1
173,JPN,PISAMATH,GIRL,2006,513.0,25,0,1,1
174,JPN,PISAMATH,GIRL,2009,524.0,25,0,1,1
175,JPN,PISAMATH,GIRL,2012,527.011,25,0,1,1
176,JPN,PISAMATH,GIRL,2015,525.0,25,0,1,1
177,JPN,PISAMATH,GIRL,2018,522.0,25,0,1,1
178,KOR,PISAMATH,BOY,2003,552.0,26,0,0,1
179,KOR,PISAMATH,BOY,2006,552.0,26,0,0,1
180,KOR,PISAMATH,BOY,2009,548.0,26,0,0,1
181,KOR,PISAMATH,BOY,2012,562.114,26,0,0,1
182,KOR,PISAMATH,BOY,2015,521.0,26,0,0,1
183,KOR,PISAMATH,BOY,2018,528.0,26,0,0,1
184,KOR,PISAMATH,GIRL,2003,528.0,26,0,1,1
185,KOR,PISAMATH,GIRL,2006,543.0,26,0,1,1
186,KOR,PISAMATH,GIRL,2009,544.0,26,0,1,1
187,KOR,PISAMATH,GIRL,2012,544.193,26,0,1,1
188,KOR,PISAMATH,GIRL,2015,528.0,26,0,1,1
189,KOR,PISAMATH,GIRL,2018,524.0,26,0,1,1
190,LUX,PISAMATH,BOY,2003,502.0,28,0,0,1
191,LUX,PISAMATH,BOY,2006,498.0,28,0,0,1
192,LUX,PISAMATH,BOY,2009,499.0,28,0,0,1
193,LUX,PISAMATH,BOY,2012,502.193,28,0,0,1
194,LUX,PISAMATH,BOY,2015,491.0,28,0,0,1
195,LUX,PISAMATH,BOY,2018,487.0,28,0,0,1
196,LUX,PISAMATH,GIRL,2003,485.0,28,0,1,1
197,LUX,PISAMATH,GIRL,2006,482.0,28,0,1,1
198,LUX,PISAMATH,GIRL,2009,479.0,28,0,1,1
199,LUX,PISAMATH,GIRL,2012,477.117,28,0,1,1
200,LUX,PISAMATH,GIRL,2015,480.0,28,0,1,1
201,LUX,PISAMATH,GIRL,2018,480.0,28,0,1,1
202,MEX,PISAMATH,BOY,2003,391.0,31,0,0,2
203,MEX,PISAMATH,BOY,2006,410.0,31,0,0,2
204,MEX,PISAMATH,BOY,2009,425.0,31,0,0,2
205,MEX,PISAMATH,BOY,2012,420.411,31,0,0,2
206,MEX,PISAMATH,BOY,2015,412.0,31,0,0,2
207,MEX,PISAMATH,BOY,2018,415.0,31,0,0,2
208,MEX,PISAMATH,GIRL,2003,380.0,31,0,1,2
209,MEX,PISAMATH,GIRL,2006,401.0,31,0,1,2
210,MEX,PISAMATH,GIRL,2009,412.0,31,0,1,2
211,MEX,PISAMATH,GIRL,2012,406.427,31,0,1,2
212,MEX,PISAMATH,GIRL,2015,404.0,31,0,1,2
213,MEX,PISAMATH,GIRL,2018,403.0,31,0,1,2
214,NLD,PISAMATH,BOY,2003,540.0,32,0,0,1
215,NLD,PISAMATH,BOY,2006,537.0,32,0,0,1
216,NLD,PISAMATH,BOY,2009,534.0,32,0,0,1
217,NLD,PISAMATH,BOY,2012,527.967,32,0,0,1
218,NLD,PISAMATH,BOY,2015,513.0,32,0,0,1
219,NLD,PISAMATH,BOY,2018,520.0,32,0,0,1
220,NLD,PISAMATH,GIRL,2003,535.0,32,0,1,1
221,NLD,PISAMATH,GIRL,2006,524.0,32,0,1,1
222,NLD,PISAMATH,GIRL,2009,517.0,32,0,1,1
223,NLD,PISAMATH,GIRL,2012,517.738,32,0,1,1
224,NLD,PISAMATH,GIRL,2015,511.0,32,0,1,1
225,NLD,PISAMATH,GIRL,2018,519.0,32,0,1,1
226,NZL,PISAMATH,BOY,2003,531.0,34,0,0,1
227,NZL,PISAMATH,BOY,2006,527.0,34,0,0,1
228,NZL,PISAMATH,BOY,2009,523.0,34,0,0,1
229,NZL,PISAMATH,BOY,2012,507.112,34,0,0,1
230,NZL,PISAMATH,BOY,2015,499.0,34,0,0,1
231,NZL,PISAMATH,BOY,2018,499.0,34,0,0,1
232,NZL,PISAMATH,GIRL,2003,516.0,34,0,1,1
233,NZL,PISAMATH,GIRL,2006,517.0,34,0,1,1
234,NZL,PISAMATH,GIRL,2009,515.0,34,0,1,1
235,NZL,PISAMATH,GIRL,2012,492.057,34,0,1,1
236,NZL,PISAMATH,GIRL,2015,491.0,34,0,1,1
237,NZL,PISAMATH,GIRL,2018,490.0,34,0,1,1
238,NOR,PISAMATH,BOY,2003,498.0,33,0,0,1
239,NOR,PISAMATH,BOY,2006,493.0,33,0,0,1
240,NOR,PISAMATH,BOY,2009,500.0,33,0,0,1
241,NOR,PISAMATH,BOY,2012,490.399,33,0,0,1
242,NOR,PISAMATH,BOY,2015,501.0,33,0,0,1
243,NOR,PISAMATH,BOY,2018,497.0,33,0,0,1
244,NOR,PISAMATH,GIRL,2003,492.0,33,0,1,1
245,NOR,PISAMATH,GIRL,2006,487.0,33,0,1,1
246,NOR,PISAMATH,GIRL,2009,495.0,33,0,1,1
247,NOR,PISAMATH,GIRL,2012,488.293,33,0,1,1
248,NOR,PISAMATH,GIRL,2015,503.0,33,0,1,1
249,NOR,PISAMATH,GIRL,2018,505.0,33,0,1,1
250,POL,PISAMATH,BOY,2003,493.0,37,0,0,1
251,POL,PISAMATH,BOY,2006,500.0,37,0,0,1
252,POL,PISAMATH,BOY,2009,497.0,37,0,0,1
253,POL,PISAMATH,BOY,2012,519.564,37,0,0,1
254,POL,PISAMATH,BOY,2015,510.0,37,0,0,1
255,POL,PISAMATH,BOY,2018,516.0,37,0,0,1
256,POL,PISAMATH,GIRL,2003,487.0,37,0,1,1
257,POL,PISAMATH,GIRL,2006,491.0,37,0,1,1
258,POL,PISAMATH,GIRL,2009,493.0,37,0,1,1
259,POL,PISAMATH,GIRL,2012,515.533,37,0,1,1
260,POL,PISAMATH,GIRL,2015,499.0,37,0,1,1
261,POL,PISAMATH,GIRL,2018,515.0,37,0,1,1
262,PRT,PISAMATH,BOY,2003,472.0,38,0,0,1
263,PRT,PISAMATH,BOY,2006,474.0,38,0,0,1
264,PRT,PISAMATH,BOY,2009,493.0,38,0,0,1
265,PRT,PISAMATH,BOY,2012,492.703,38,0,0,1
266,PRT,PISAMATH,BOY,2015,497.0,38,0,0,1
267,PRT,PISAMATH,BOY,2018,497.0,38,0,0,1
268,PRT,PISAMATH,GIRL,2003,460.0,38,0,1,2
269,PRT,PISAMATH,GIRL,2006,459.0,38,0,1,2
270,PRT,PISAMATH,GIRL,2009,481.0,38,0,1,1
271,PRT,PISAMATH,GIRL,2012,481.296,38,0,1,1
272,PRT,PISAMATH,GIRL,2015,487.0,38,0,1,1
273,PRT,PISAMATH,GIRL,2018,488.0,38,0,1,1
274,SVK,PISAMATH,BOY,2003,507.0,41,0,0,1
275,SVK,PISAMATH,BOY,2006,499.0,41,0,0,1
276,SVK,PISAMATH,BOY,2009,498.0,41,0,0,1
277,SVK,PISAMATH,BOY,2012,486.134,41,0,0,1
278,SVK,PISAMATH,BOY,2015,478.0,41,0,0,1
279,SVK,PISAMATH,BOY,2018,488.0,41,0,0,1
280,SVK,PISAMATH,GIRL,2003,489.0,41,0,1,1
281,SVK,PISAMATH,GIRL,2006,485.0,41,0,1,1
282,SVK,PISAMATH,GIRL,2009,495.0,41,0,1,1
283,SVK,PISAMATH,GIRL,2012,476.712,41,0,1,1
284,SVK,PISAMATH,GIRL,2015,472.0,41,0,1,1
285,SVK,PISAMATH,GIRL,2018,484.0,41,0,1,1
286,ESP,PISAMATH,BOY,2003,490.0,12,0,0,1
287,ESP,PISAMATH,BOY,2006,484.0,12,0,0,1
288,ESP,PISAMATH,BOY,2009,493.0,12,0,0,1
289,ESP,PISAMATH,BOY,2012,492.422,12,0,0,1
290,ESP,PISAMATH,BOY,2015,494.0,12,0,0,1
291,ESP,PISAMATH,BOY,2018,485.0,12,0,0,1
292,ESP,PISAMATH,GIRL,2003,481.0,12,0,1,1
293,ESP,PISAMATH,GIRL,2006,476.0,12,0,1,1
294,ESP,PISAMATH,GIRL,2009,474.0,12,0,1,1
295,ESP,PISAMATH,GIRL,2012,475.965,12,0,1,1
296,ESP,PISAMATH,GIRL,2015,478.0,12,0,1,1
297,ESP,PISAMATH,GIRL,2018,478.0,12,0,1,1
298,SWE,PISAMATH,BOY,2003,512.0,43,0,0,1
299,SWE,PISAMATH,BOY,2006,505.0,43,0,0,1
300,SWE,PISAMATH,BOY,2009,493.0,43,0,0,1
301,SWE,PISAMATH,BOY,2012,476.916,43,0,0,1
302,SWE,PISAMATH,BOY,2015,493.0,43,0,0,1
303,SWE,PISAMATH,BOY,2018,502.0,43,0,0,1
304,SWE,PISAMATH,GIRL,2003,506.0,43,0,1,1
305,SWE,PISAMATH,GIRL,2006,500.0,43,0,1,1
306,SWE,PISAMATH,GIRL,2009,495.0,43,0,1,1
307,SWE,PISAMATH,GIRL,2012,479.629,43,0,1,1
308,SWE,PISAMATH,GIRL,2015,495.0,43,0,1,1
309,SWE,PISAMATH,GIRL,2018,503.0,43,0,1,1
310,CHE,PISAMATH,BOY,2003,535.0,5,0,0,1
311,CHE,PISAMATH,BOY,2006,536.0,5,0,0,1
312,CHE,PISAMATH,BOY,2009,544.0,5,0,0,1
313,CHE,PISAMATH,BOY,2012,537.369,5,0,0,1
314,CHE,PISAMATH,BOY,2015,527.0,5,0,0,1
315,CHE,PISAMATH,BOY,2018,519.0,5,0,0,1
316,CHE,PISAMATH,GIRL,2003,518.0,5,0,1,1
317,CHE,PISAMATH,GIRL,2006,523.0,5,0,1,1
318,CHE,PISAMATH,GIRL,2009,524.0,5,0,1,1
319,CHE,PISAMATH,GIRL,2012,524.473,5,0,1,1
320,CHE,PISAMATH,GIRL,2015,515.0,5,0,1,1
321,CHE,PISAMATH,GIRL,2018,512.0,5,0,1,1
322,TUR,PISAMATH,BOY,2003,430.0,44,0,0,2
323,TUR,PISAMATH,BOY,2006,427.0,44,0,0,2
324,TUR,PISAMATH,BOY,2009,451.0,44,0,0,2
325,TUR,PISAMATH,BOY,2012,451.934,44,0,0,2
326,TUR,PISAMATH,BOY,2015,423.0,44,0,0,2
327,TUR,PISAMATH,BOY,2018,456.0,44,0,0,2
328,TUR,PISAMATH,GIRL,2003,415.0,44,0,1,2
329,TUR,PISAMATH,GIRL,2006,421.0,44,0,1,2
330,TUR,PISAMATH,GIRL,2009,440.0,44,0,1,2
331,TUR,PISAMATH,GIRL,2012,443.948,44,0,1,2
332,TUR,PISAMATH,GIRL,2015,418.0,44,0,1,2
333,TUR,PISAMATH,GIRL,2018,451.0,44,0,1,2
334,GBR,PISAMATH,BOY,2006,504.0,16,0,0,1
335,GBR,PISAMATH,BOY,2009,503.0,16,0,0,1
336,GBR,PISAMATH,BOY,2012,500.295,16,0,0,1
337,GBR,PISAMATH,BOY,2015,498.0,16,0,0,1
338,GBR,PISAMATH,BOY,2018,508.0,16,0,0,1
339,GBR,PISAMATH,GIRL,2006,487.0,16,0,1,1
340,GBR,PISAMATH,GIRL,2009,482.0,16,0,1,1
341,GBR,PISAMATH,GIRL,2012,487.815,16,0,1,1
342,GBR,PISAMATH,GIRL,2015,487.0,16,0,1,1
343,GBR,PISAMATH,GIRL,2018,496.0,16,0,1,1
344,USA,PISAMATH,BOY,2003,486.0,46,0,0,1
345,USA,PISAMATH,BOY,2006,479.0,46,0,0,1
346,USA,PISAMATH,BOY,2009,497.0,46,0,0,1
347,USA,PISAMATH,BOY,2012,483.647,46,0,0,1
348,USA,PISAMATH,BOY,2015,474.0,46,0,0,1
349,USA,PISAMATH,BOY,2018,482.0,46,0,0,1
350,USA,PISAMATH,GIRL,2003,480.0,46,0,1,1
351,USA,PISAMATH,GIRL,2006,470.0,46,0,1,1
352,USA,PISAMATH,GIRL,2009,477.0,46,0,1,1
353,USA,PISAMATH,GIRL,2012,478.995,46,0,1,1
354,USA,PISAMATH,GIRL,2015,465.0,46,0,1,1
355,USA,PISAMATH,GIRL,2018,474.0,46,0,1,1
356,BRA,PISAMATH,BOY,2003,365.0,3,0,0,2
357,BRA,PISAMATH,BOY,2006,380.0,3,0,0,2
358,BRA,PISAMATH,BOY,2009,394.0,3,0,0,2
359,BRA,PISAMATH,BOY,2012,400.769,3,0,0,2
360,BRA,PISAMATH,BOY,2015,385.0,3,0,0,2
361,BRA,PISAMATH,BOY,2018,388.0,3,0,0,2
362,BRA,PISAMATH,GIRL,2003,348.0,3,0,1,2
363,BRA,PISAMATH,GIRL,2006,361.0,3,0,1,2
364,BRA,PISAMATH,GIRL,2009,379.0,3,0,1,2
365,BRA,PISAMATH,GIRL,2012,382.925,3,0,1,2
366,BRA,PISAMATH,GIRL,2015,370.0,3,0,1,2
367,BRA,PISAMATH,GIRL,2018,379.0,3,0,1,2
368,CHL,PISAMATH,BOY,2006,424.0,6,0,0,2
369,CHL,PISAMATH,BOY,2009,431.0,6,0,0,2
370,CHL,PISAMATH,BOY,2012,435.525,6,0,0,2
371,CHL,PISAMATH,BOY,2015,432.0,6,0,0,2
372,CHL,PISAMATH,BOY,2018,421.0,6,0,0,2
373,CHL,PISAMATH,GIRL,2006,396.0,6,0,1,2
374,CHL,PISAMATH,GIRL,2009,410.0,6,0,1,2
375,CHL,PISAMATH,GIRL,2012,410.543,6,0,1,2
376,CHL,PISAMATH,GIRL,2015,413.0,6,0,1,2
377,CHL,PISAMATH,GIRL,2018,414.0,6,0,1,2
378,EST,PISAMATH,BOY,2006,515.0,13,0,0,1
379,EST,PISAMATH,BOY,2009,516.0,13,0,0,1
380,EST,PISAMATH,BOY,2012,523.214,13,0,0,1
381,EST,PISAMATH,BOY,2015,522.0,13,0,0,1
382,EST,PISAMATH,BOY,2018,528.0,13,0,0,1
383,EST,PISAMATH,GIRL,2006,514.0,13,0,1,1
384,EST,PISAMATH,GIRL,2009,508.0,13,0,1,1
385,EST,PISAMATH,GIRL,2012,517.93,13,0,1,1
386,EST,PISAMATH,GIRL,2015,517.0,13,0,1,1
387,EST,PISAMATH,GIRL,2018,519.0,13,0,1,1
388,IDN,PISAMATH,BOY,2003,362.0,20,0,0,2
389,IDN,PISAMATH,BOY,2006,399.0,20,0,0,2
390,IDN,PISAMATH,BOY,2009,371.0,20,0,0,2
391,IDN,PISAMATH,BOY,2012,377.376,20,0,0,2
392,IDN,PISAMATH,BOY,2015,385.0,20,0,0,2
393,IDN,PISAMATH,BOY,2018,374.0,20,0,0,2
394,IDN,PISAMATH,GIRL,2003,358.0,20,0,1,2
395,IDN,PISAMATH,GIRL,2006,382.0,20,0,1,2
396,IDN,PISAMATH,GIRL,2009,372.0,20,0,1,2
397,IDN,PISAMATH,GIRL,2012,372.785,20,0,1,2
398,IDN,PISAMATH,GIRL,2015,387.0,20,0,1,2
399,IDN,PISAMATH,GIRL,2018,383.0,20,0,1,2
400,ISR,PISAMATH,BOY,2006,448.0,23,0,0,2
401,ISR,PISAMATH,BOY,2009,451.0,23,0,0,2
402,ISR,PISAMATH,BOY,2012,472.398,23,0,0,1
403,ISR,PISAMATH,BOY,2015,474.0,23,0,0,1
404,ISR,PISAMATH,BOY,2018,458.0,23,0,0,2
405,ISR,PISAMATH,GIRL,2006,436.0,23,0,1,2
406,ISR,PISAMATH,GIRL,2009,443.0,23,0,1,2
407,ISR,PISAMATH,GIRL,2012,460.749,23,0,1,2
408,ISR,PISAMATH,GIRL,2015,466.0,23,0,1,1
409,ISR,PISAMATH,GIRL,2018,467.0,23,0,1,1
410,RUS,PISAMATH,BOY,2003,473.0,39,0,0,1
411,RUS,PISAMATH,BOY,2009,469.0,39,0,0,1
412,RUS,PISAMATH,BOY,2012,481.394,39,0,0,1
413,RUS,PISAMATH,BOY,2015,497.0,39,0,0,1
414,RUS,PISAMATH,BOY,2018,490.0,39,0,0,1
415,RUS,PISAMATH,GIRL,2003,463.0,39,0,1,1
416,RUS,PISAMATH,GIRL,2009,467.0,39,0,1,1
417,RUS,PISAMATH,GIRL,2012,482.944,39,0,1,1
418,RUS,PISAMATH,GIRL,2015,491.0,39,0,1,1
419,RUS,PISAMATH,GIRL,2018,485.0,39,0,1,1
420,SVN,PISAMATH,BOY,2006,507.0,42,0,0,1
421,SVN,PISAMATH,BOY,2009,502.0,42,0,0,1
422,SVN,PISAMATH,BOY,2012,502.748,42,0,0,1
423,SVN,PISAMATH,BOY,2015,512.0,42,0,0,1
424,SVN,PISAMATH,BOY,2018,509.0,42,0,0,1
425,SVN,PISAMATH,GIRL,2006,502.0,42,0,1,1
426,SVN,PISAMATH,GIRL,2009,501.0,42,0,1,1
427,SVN,PISAMATH,GIRL,2012,499.387,42,0,1,1
428,SVN,PISAMATH,GIRL,2015,508.0,42,0,1,1
429,SVN,PISAMATH,GIRL,2018,509.0,42,0,1,1
430,OAVG,PISAMATH,BOY,2003,505.333,35,0,0,1
431,OAVG,PISAMATH,BOY,2006,499.706,35,0,0,1
432,OAVG,PISAMATH,BOY,2009,501.382,35,0,0,1
433,OAVG,PISAMATH,BOY,2012,499.421,35,0,0,1
434,OAVG,PISAMATH,BOY,2015,494.0,35,0,0,1
435,OAVG,PISAMATH,BOY,2018,492.0,35,0,0,1
436,OAVG,PISAMATH,GIRL,2003,494.833,35,0,1,1
437,OAVG,PISAMATH,GIRL,2006,488.588,35,0,1,1
438,OAVG,PISAMATH,GIRL,2009,489.794,35,0,1,1
439,OAVG,PISAMATH,GIRL,2012,488.551,35,0,1,1
440,OAVG,PISAMATH,GIRL,2015,486.0,35,0,1,1
441,OAVG,PISAMATH,GIRL,2018,487.0,35,0,1,1
442,LVA,PISAMATH,BOY,2015,481.0,29,0,0,1
443,LVA,PISAMATH,BOY,2018,500.0,29,0,0,1
444,LVA,PISAMATH,GIRL,2015,483.0,29,0,1,1
445,LVA,PISAMATH,GIRL,2018,493.0,29,0,1,1
446,AUS,PISAMATH,TOT,2003,524.0,0,0,2,1
447,AUS,PISAMATH,TOT,2006,520.0,0,0,2,1
448,AUS,PISAMATH,TOT,2009,514.0,0,0,2,1
449,AUS,PISAMATH,TOT,2012,504.0,0,0,2,1
450,AUS,PISAMATH,TOT,2015,494.0,0,0,2,1
451,AUS,PISAMATH,TOT,2018,491.0,0,0,2,1
452,AUT,PISAMATH,TOT,2003,506.0,1,0,2,1
453,AUT,PISAMATH,TOT,2006,505.0,1,0,2,1
454,AUT,PISAMATH,TOT,2012,506.0,1,0,2,1
455,AUT,PISAMATH,TOT,2015,497.0,1,0,2,1
456,AUT,PISAMATH,TOT,2018,499.0,1,0,2,1
457,BEL,PISAMATH,TOT,2003,529.0,2,0,2,1
458,BEL,PISAMATH,TOT,2006,520.0,2,0,2,1
459,BEL,PISAMATH,TOT,2009,515.0,2,0,2,1
460,BEL,PISAMATH,TOT,2012,515.0,2,0,2,1
461,BEL,PISAMATH,TOT,2015,507.0,2,0,2,1
462,BEL,PISAMATH,TOT,2018,508.0,2,0,2,1
463,CAN,PISAMATH,TOT,2003,532.0,4,0,2,1
464,CAN,PISAMATH,TOT,2006,527.0,4,0,2,1
465,CAN,PISAMATH,TOT,2009,527.0,4,0,2,1
466,CAN,PISAMATH,TOT,2012,518.0,4,0,2,1
467,CAN,PISAMATH,TOT,2015,516.0,4,0,2,1
468,CAN,PISAMATH,TOT,2018,512.0,4,0,2,1
469,CZE,PISAMATH,TOT,2003,516.0,9,0,2,1
470,CZE,PISAMATH,TOT,2006,510.0,9,0,2,1
471,CZE,PISAMATH,TOT,2009,493.0,9,0,2,1
472,CZE,PISAMATH,TOT,2012,499.0,9,0,2,1
473,CZE,PISAMATH,TOT,2015,492.0,9,0,2,1
474,CZE,PISAMATH,TOT,2018,499.0,9,0,2,1
475,DNK,PISAMATH,TOT,2003,514.0,11,0,2,1
476,DNK,PISAMATH,TOT,2006,513.0,11,0,2,1
477,DNK,PISAMATH,TOT,2009,503.0,11,0,2,1
478,DNK,PISAMATH,TOT,2012,500.0,11,0,2,1
479,DNK,PISAMATH,TOT,2015,511.0,11,0,2,1
480,DNK,PISAMATH,TOT,2018,509.0,11,0,2,1
481,FIN,PISAMATH,TOT,2003,544.0,14,0,2,1
482,FIN,PISAMATH,TOT,2006,548.0,14,0,2,1
483,FIN,PISAMATH,TOT,2009,541.0,14,0,2,1
484,FIN,PISAMATH,TOT,2012,519.0,14,0,2,1
485,FIN,PISAMATH,TOT,2015,511.0,14,0,2,1
486,FIN,PISAMATH,TOT,2018,507.0,14,0,2,1
487,FRA,PISAMATH,TOT,2003,511.0,15,0,2,1
488,FRA,PISAMATH,TOT,2006,496.0,15,0,2,1
489,FRA,PISAMATH,TOT,2009,497.0,15,0,2,1
490,FRA,PISAMATH,TOT,2012,495.0,15,0,2,1
491,FRA,PISAMATH,TOT,2015,493.0,15,0,2,1
492,FRA,PISAMATH,TOT,2018,495.0,15,0,2,1
493,DEU,PISAMATH,TOT,2003,503.0,10,0,2,1
494,DEU,PISAMATH,TOT,2006,504.0,10,0,2,1
495,DEU,PISAMATH,TOT,2009,513.0,10,0,2,1
496,DEU,PISAMATH,TOT,2012,514.0,10,0,2,1
497,DEU,PISAMATH,TOT,2015,506.0,10,0,2,1
498,DEU,PISAMATH,TOT,2018,500.0,10,0,2,1
499,GRC,PISAMATH,TOT,2003,445.0,17,0,2,2
500,GRC,PISAMATH,TOT,2006,459.0,17,0,2,2
501,GRC,PISAMATH,TOT,2009,466.0,17,0,2,1
502,GRC,PISAMATH,TOT,2012,453.0,17,0,2,2
503,GRC,PISAMATH,TOT,2015,454.0,17,0,2,2
504,GRC,PISAMATH,TOT,2018,451.0,17,0,2,2
505,HUN,PISAMATH,TOT,2003,490.0,19,0,2,1
506,HUN,PISAMATH,TOT,2006,491.0,19,0,2,1
507,HUN,PISAMATH,TOT,2009,490.0,19,0,2,1
508,HUN,PISAMATH,TOT,2012,477.0,19,0,2,1
509,HUN,PISAMATH,TOT,2015,477.0,19,0,2,1
510,HUN,PISAMATH,TOT,2018,481.0,19,0,2,1
511,ISL,PISAMATH,TOT,2003,515.0,22,0,2,1
512,ISL,PISAMATH,TOT,2006,506.0,22,0,2,1
513,ISL,PISAMATH,TOT,2009,507.0,22,0,2,1
514,ISL,PISAMATH,TOT,2012,493.0,22,0,2,1
515,ISL,PISAMATH,TOT,2015,488.0,22,0,2,1
516,ISL,PISAMATH,TOT,2018,495.0,22,0,2,1
517,IRL,PISAMATH,TOT,2003,503.0,21,0,2,1
518,IRL,PISAMATH,TOT,2006,501.0,21,0,2,1
519,IRL,PISAMATH,TOT,2009,487.0,21,0,2,1
520,IRL,PISAMATH,TOT,2012,501.0,21,0,2,1
521,IRL,PISAMATH,TOT,2015,504.0,21,0,2,1
522,IRL,PISAMATH,TOT,2018,500.0,21,0,2,1
523,ITA,PISAMATH,TOT,2003,466.0,24,0,2,1
524,ITA,PISAMATH,TOT,2006,462.0,24,0,2,1
525,ITA,PISAMATH,TOT,2009,483.0,24,0,2,1
526,ITA,PISAMATH,TOT,2012,485.0,24,0,2,1
527,ITA,PISAMATH,TOT,2015,490.0,24,0,2,1
528,ITA,PISAMATH,TOT,2018,487.0,24,0,2,1
529,JPN,PISAMATH,TOT,2003,534.0,25,0,2,1
530,JPN,PISAMATH,TOT,2006,523.0,25,0,2,1
531,JPN,PISAMATH,TOT,2009,529.0,25,0,2,1
532,JPN,PISAMATH,TOT,2012,536.0,25,0,2,1
533,JPN,PISAMATH,TOT,2015,532.0,25,0,2,1
534,JPN,PISAMATH,TOT,2018,527.0,25,0,2,1
535,KOR,PISAMATH,TOT,2003,542.0,26,0,2,1
536,KOR,PISAMATH,TOT,2006,547.0,26,0,2,1
537,KOR,PISAMATH,TOT,2009,546.0,26,0,2,1
538,KOR,PISAMATH,TOT,2012,554.0,26,0,2,1
539,KOR,PISAMATH,TOT,2015,524.0,26,0,2,1
540,KOR,PISAMATH,TOT,2018,526.0,26,0,2,1
541,LUX,PISAMATH,TOT,2003,493.0,28,0,2,1
542,LUX,PISAMATH,TOT,2006,490.0,28,0,2,1
543,LUX,PISAMATH,TOT,2009,489.0,28,0,2,1
544,LUX,PISAMATH,TOT,2012,490.0,28,0,2,1
545,LUX,PISAMATH,TOT,2015,486.0,28,0,2,1
546,LUX,PISAMATH,TOT,2018,483.0,28,0,2,1
547,MEX,PISAMATH,TOT,2003,385.0,31,0,2,2
548,MEX,PISAMATH,TOT,2006,406.0,31,0,2,2
549,MEX,PISAMATH,TOT,2009,419.0,31,0,2,2
550,MEX,PISAMATH,TOT,2012,413.0,31,0,2,2
551,MEX,PISAMATH,TOT,2015,408.0,31,0,2,2
552,MEX,PISAMATH,TOT,2018,409.0,31,0,2,2
553,NLD,PISAMATH,TOT,2003,538.0,32,0,2,1
554,NLD,PISAMATH,TOT,2006,531.0,32,0,2,1
555,NLD,PISAMATH,TOT,2009,526.0,32,0,2,1
556,NLD,PISAMATH,TOT,2012,523.0,32,0,2,1
557,NLD,PISAMATH,TOT,2015,512.0,32,0,2,1
558,NLD,PISAMATH,TOT,2018,519.0,32,0,2,1
559,NZL,PISAMATH,TOT,2003,523.0,34,0,2,1
560,NZL,PISAMATH,TOT,2006,522.0,34,0,2,1
561,NZL,PISAMATH,TOT,2009,519.0,34,0,2,1
562,NZL,PISAMATH,TOT,2012,500.0,34,0,2,1
563,NZL,PISAMATH,TOT,2015,495.0,34,0,2,1
564,NZL,PISAMATH,TOT,2018,494.0,34,0,2,1
565,NOR,PISAMATH,TOT,2003,495.0,33,0,2,1
566,NOR,PISAMATH,TOT,2006,490.0,33,0,2,1
567,NOR,PISAMATH,TOT,2009,498.0,33,0,2,1
568,NOR,PISAMATH,TOT,2012,489.0,33,0,2,1
569,NOR,PISAMATH,TOT,2015,502.0,33,0,2,1
570,NOR,PISAMATH,TOT,2018,501.0,33,0,2,1
571,POL,PISAMATH,TOT,2003,490.0,37,0,2,1
572,POL,PISAMATH,TOT,2006,495.0,37,0,2,1
573,POL,PISAMATH,TOT,2009,495.0,37,0,2,1
574,POL,PISAMATH,TOT,2012,518.0,37,0,2,1
575,POL,PISAMATH,TOT,2015,504.0,37,0,2,1
576,POL,PISAMATH,TOT,2018,516.0,37,0,2,1
577,PRT,PISAMATH,TOT,2003,466.0,38,0,2,1
578,PRT,PISAMATH,TOT,2006,466.0,38,0,2,1
579,PRT,PISAMATH,TOT,2009,487.0,38,0,2,1
580,PRT,PISAMATH,TOT,2012,487.0,38,0,2,1
581,PRT,PISAMATH,TOT,2015,492.0,38,0,2,1
582,PRT,PISAMATH,TOT,2018,492.0,38,0,2,1
583,SVK,PISAMATH,TOT,2003,498.0,41,0,2,1
584,SVK,PISAMATH,TOT,2006,492.0,41,0,2,1
585,SVK,PISAMATH,TOT,2009,497.0,41,0,2,1
586,SVK,PISAMATH,TOT,2012,482.0,41,0,2,1
587,SVK,PISAMATH,TOT,2015,475.0,41,0,2,1
588,SVK,PISAMATH,TOT,2018,486.0,41,0,2,1
589,ESP,PISAMATH,TOT,2003,485.0,12,0,2,1
590,ESP,PISAMATH,TOT,2006,480.0,12,0,2,1
591,ESP,PISAMATH,TOT,2009,483.0,12,0,2,1
592,ESP,PISAMATH,TOT,2012,484.0,12,0,2,1
593,ESP,PISAMATH,TOT,2015,486.0,12,0,2,1
594,ESP,PISAMATH,TOT,2018,481.0,12,0,2,1
595,SWE,PISAMATH,TOT,2003,509.0,43,0,2,1
596,SWE,PISAMATH,TOT,2006,502.0,43,0,2,1
597,SWE,PISAMATH,TOT,2009,494.0,43,0,2,1
598,SWE,PISAMATH,TOT,2012,478.0,43,0,2,1
599,SWE,PISAMATH,TOT,2015,494.0,43,0,2,1
600,SWE,PISAMATH,TOT,2018,502.0,43,0,2,1
601,CHE,PISAMATH,TOT,2003,527.0,5,0,2,1
602,CHE,PISAMATH,TOT,2006,530.0,5,0,2,1
603,CHE,PISAMATH,TOT,2009,534.0,5,0,2,1
604,CHE,PISAMATH,TOT,2012,531.0,5,0,2,1
605,CHE,PISAMATH,TOT,2015,521.0,5,0,2,1
606,CHE,PISAMATH,TOT,2018,515.0,5,0,2,1
607,TUR,PISAMATH,TOT,2003,423.0,44,0,2,2
608,TUR,PISAMATH,TOT,2006,424.0,44,0,2,2
609,TUR,PISAMATH,TOT,2009,445.0,44,0,2,2
610,TUR,PISAMATH,TOT,2012,448.0,44,0,2,2
611,TUR,PISAMATH,TOT,2015,420.0,44,0,2,2
612,TUR,PISAMATH,TOT,2018,454.0,44,0,2,2
613,GBR,PISAMATH,TOT,2006,495.0,16,0,2,1
614,GBR,PISAMATH,TOT,2009,492.0,16,0,2,1
615,GBR,PISAMATH,TOT,2012,494.0,16,0,2,1
616,GBR,PISAMATH,TOT,2015,492.0,16,0,2,1
617,GBR,PISAMATH,TOT,2018,502.0,16,0,2,1
618,USA,PISAMATH,TOT,2003,483.0,46,0,2,1
619,USA,PISAMATH,TOT,2006,474.0,46,0,2,1
620,USA,PISAMATH,TOT,2009,487.0,46,0,2,1
621,USA,PISAMATH,TOT,2012,481.0,46,0,2,1
622,USA,PISAMATH,TOT,2015,470.0,46,0,2,1
623,USA,PISAMATH,TOT,2018,478.0,46,0,2,1
624,BRA,PISAMATH,TOT,2003,356.0,3,0,2,2
625,BRA,PISAMATH,TOT,2006,370.0,3,0,2,2
626,BRA,PISAMATH,TOT,2009,386.0,3,0,2,2
627,BRA,PISAMATH,TOT,2012,389.0,3,0,2,2
628,BRA,PISAMATH,TOT,2015,377.0,3,0,2,2
629,BRA,PISAMATH,TOT,2018,384.0,3,0,2,2
630,CHL,PISAMATH,TOT,2006,411.0,6,0,2,2
631,CHL,PISAMATH,TOT,2009,421.0,6,0,2,2
632,CHL,PISAMATH,TOT,2012,423.0,6,0,2,2
633,CHL,PISAMATH,TOT,2015,423.0,6,0,2,2
634,CHL,PISAMATH,TOT,2018,417.0,6,0,2,2
635,EST,PISAMATH,TOT,2006,515.0,13,0,2,1
636,EST,PISAMATH,TOT,2009,512.0,13,0,2,1
637,EST,PISAMATH,TOT,2012,521.0,13,0,2,1
638,EST,PISAMATH,TOT,2015,520.0,13,0,2,1
639,EST,PISAMATH,TOT,2018,523.0,13,0,2,1
640,IDN,PISAMATH,TOT,2003,360.0,20,0,2,2
641,IDN,PISAMATH,TOT,2006,391.0,20,0,2,2
642,IDN,PISAMATH,TOT,2009,371.0,20,0,2,2
643,IDN,PISAMATH,TOT,2012,375.0,20,0,2,2
644,IDN,PISAMATH,TOT,2015,386.0,20,0,2,2
645,IDN,PISAMATH,TOT,2018,379.0,20,0,2,2
646,ISR,PISAMATH,TOT,2006,442.0,23,0,2,2
647,ISR,PISAMATH,TOT,2009,447.0,23,0,2,2
648,ISR,PISAMATH,TOT,2012,466.0,23,0,2,1
649,ISR,PISAMATH,TOT,2015,470.0,23,0,2,1
650,ISR,PISAMATH,TOT,2018,463.0,23,0,2,1
651,LVA,PISAMATH,TOT,2003,483.0,29,0,2,1
652,LVA,PISAMATH,TOT,2006,486.0,29,0,2,1
653,LVA,PISAMATH,TOT,2009,482.0,29,0,2,1
654,LVA,PISAMATH,TOT,2012,491.0,29,0,2,1
655,LVA,PISAMATH,TOT,2015,482.0,29,0,2,1
656,LVA,PISAMATH,TOT,2018,496.0,29,0,2,1
657,RUS,PISAMATH,TOT,2003,468.0,39,0,2,1
658,RUS,PISAMATH,TOT,2006,476.0,39,0,2,1
659,RUS,PISAMATH,TOT,2009,468.0,39,0,2,1
660,RUS,PISAMATH,TOT,2012,482.0,39,0,2,1
661,RUS,PISAMATH,TOT,2015,494.0,39,0,2,1
662,RUS,PISAMATH,TOT,2018,488.0,39,0,2,1
663,SGP,PISAMATH,BOY,2015,564.0,40,0,0,1
664,SGP,PISAMATH,GIRL,2015,564.0,40,0,1,1
665,SVN,PISAMATH,TOT,2006,504.0,42,0,2,1
666,SVN,PISAMATH,TOT,2009,501.0,42,0,2,1
667,SVN,PISAMATH,TOT,2012,501.0,42,0,2,1
668,SVN,PISAMATH,TOT,2015,510.0,42,0,2,1
669,SVN,PISAMATH,TOT,2018,509.0,42,0,2,1
670,OAVG,PISAMATH,TOT,2006,494.0,35,0,2,1
671,OAVG,PISAMATH,TOT,2009,495.0,35,0,2,1
672,OAVG,PISAMATH,TOT,2012,494.0,35,0,2,1
673,OAVG,PISAMATH,TOT,2015,490.0,35,0,2,1
674,OAVG,PISAMATH,TOT,2018,489.0,35,0,2,1
675,COL,PISAMATH,TOT,2015,390.0,7,0,2,2
676,COL,PISAMATH,TOT,2018,391.0,7,0,2,2
677,COL,PISAMATH,BOY,2015,395.0,7,0,0,2
678,COL,PISAMATH,BOY,2018,401.0,7,0,0,2
679,COL,PISAMATH,GIRL,2015,384.0,7,0,1,2
680,COL,PISAMATH,GIRL,2018,381.0,7,0,1,2
681,HKG,PISAMATH,TOT,2015,548.0,18,0,2,1
682,HKG,PISAMATH,BOY,2015,549.0,18,0,0,1
683,HKG,PISAMATH,GIRL,2015,547.0,18,0,1,1
684,PER,PISAMATH,TOT,2015,387.0,36,0,2,2
685,PER,PISAMATH,BOY,2015,391.0,36,0,0,2
686,PER,PISAMATH,GIRL,2015,382.0,36,0,1,2
687,SGP,PISAMATH,TOT,2015,564.0,40,0,2,1
688,TWN,PISAMATH,TOT,2015,542.0,45,0,2,1
689,TWN,PISAMATH,BOY,2015,545.0,45,0,0,1
690,TWN,PISAMATH,GIRL,2015,539.0,45,0,1,1
691,MAC,PISAMATH,TOT,2015,544.0,30,0,2,1
692,MAC,PISAMATH,BOY,2015,540.0,30,0,0,1
693,MAC,PISAMATH,GIRL,2015,548.0,30,0,1,1
694,CRI,PISAMATH,TOT,2018,402.0,8,0,2,2
695,CRI,PISAMATH,BOY,2018,411.0,8,0,0,2
696,CRI,PISAMATH,GIRL,2018,394.0,8,0,1,2
697,LTU,PISAMATH,TOT,2018,481.0,27,0,2,1
698,LTU,PISAMATH,BOY,2018,480.0,27,0,0,1
699,LTU,PISAMATH,GIRL,2018,482.0,27,0,1,1
700,AUS,PISAREAD,BOY,2000,513.0,0,1,0,1
701,AUS,PISAREAD,BOY,2003,506.0,0,1,0,1
702,AUS,PISAREAD,BOY,2006,495.0,0,1,0,1
703,AUS,PISAREAD,BOY,2009,496.0,0,1,0,1
704,AUS,PISAREAD,BOY,2012,495.09,0,1,0,1
705,AUS,PISAREAD,BOY,2015,487.0,0,1,0,1
706,AUS,PISAREAD,BOY,2018,487.0,0,1,0,1
707,AUS,PISAREAD,GIRL,2000,546.0,0,1,1,1
708,AUS,PISAREAD,GIRL,2003,545.0,0,1,1,1
709,AUS,PISAREAD,GIRL,2006,532.0,0,1,1,1
710,AUS,PISAREAD,GIRL,2009,533.0,0,1,1,1
711,AUS,PISAREAD,GIRL,2012,529.542,0,1,1,1
712,AUS,PISAREAD,GIRL,2015,519.0,0,1,1,1
713,AUS,PISAREAD,GIRL,2018,519.0,0,1,1,1
714,AUT,PISAREAD,BOY,2000,476.0,1,1,0,1
715,AUT,PISAREAD,BOY,2003,467.0,1,1,0,1
716,AUT,PISAREAD,BOY,2006,468.0,1,1,0,1
717,AUT,PISAREAD,BOY,2012,471.093,1,1,0,1
718,AUT,PISAREAD,BOY,2015,475.0,1,1,0,1
719,AUT,PISAREAD,BOY,2018,471.0,1,1,0,1
720,AUT,PISAREAD,GIRL,2000,509.0,1,1,1,1
721,AUT,PISAREAD,GIRL,2003,514.0,1,1,1,1
722,AUT,PISAREAD,GIRL,2006,513.0,1,1,1,1
723,AUT,PISAREAD,GIRL,2012,508.021,1,1,1,1
724,AUT,PISAREAD,GIRL,2015,495.0,1,1,1,1
725,AUT,PISAREAD,GIRL,2018,499.0,1,1,1,1
726,BEL,PISAREAD,BOY,2000,492.0,2,1,0,1
727,BEL,PISAREAD,BOY,2003,489.0,2,1,0,1
728,BEL,PISAREAD,BOY,2006,482.0,2,1,0,1
729,BEL,PISAREAD,BOY,2009,493.0,2,1,0,1
730,BEL,PISAREAD,BOY,2012,492.755,2,1,0,1
731,BEL,PISAREAD,BOY,2015,491.0,2,1,0,1
732,BEL,PISAREAD,BOY,2018,482.0,2,1,0,1
733,BEL,PISAREAD,GIRL,2000,525.0,2,1,1,1
734,BEL,PISAREAD,GIRL,2003,526.0,2,1,1,1
735,BEL,PISAREAD,GIRL,2006,522.0,2,1,1,1
736,BEL,PISAREAD,GIRL,2009,520.0,2,1,1,1
737,BEL,PISAREAD,GIRL,2012,524.602,2,1,1,1
738,BEL,PISAREAD,GIRL,2015,507.0,2,1,1,1
739,BEL,PISAREAD,GIRL,2018,504.0,2,1,1,1
740,CAN,PISAREAD,BOY,2000,519.0,4,1,0,1
741,CAN,PISAREAD,BOY,2003,514.0,4,1,0,1
742,CAN,PISAREAD,BOY,2006,511.0,4,1,0,1
743,CAN,PISAREAD,BOY,2009,507.0,4,1,0,1
744,CAN,PISAREAD,BOY,2012,505.512,4,1,0,1
745,CAN,PISAREAD,BOY,2015,514.0,4,1,0,1
746,CAN,PISAREAD,BOY,2018,506.0,4,1,0,1
747,CAN,PISAREAD,GIRL,2000,551.0,4,1,1,1
748,CAN,PISAREAD,GIRL,2003,546.0,4,1,1,1
749,CAN,PISAREAD,GIRL,2006,543.0,4,1,1,1
750,CAN,PISAREAD,GIRL,2009,542.0,4,1,1,1
751,CAN,PISAREAD,GIRL,2012,540.657,4,1,1,1
752,CAN,PISAREAD,GIRL,2015,540.0,4,1,1,1
753,CAN,PISAREAD,GIRL,2018,535.0,4,1,1,1
754,CZE,PISAREAD,BOY,2000,473.0,9,1,0,1
755,CZE,PISAREAD,BOY,2003,473.0,9,1,0,1
756,CZE,PISAREAD,BOY,2006,463.0,9,1,0,1
757,CZE,PISAREAD,BOY,2009,456.0,9,1,0,2
758,CZE,PISAREAD,BOY,2012,473.983,9,1,0,1
759,CZE,PISAREAD,BOY,2015,475.0,9,1,0,1
760,CZE,PISAREAD,BOY,2018,474.0,9,1,0,1
761,CZE,PISAREAD,GIRL,2000,510.0,9,1,1,1
762,CZE,PISAREAD,GIRL,2003,504.0,9,1,1,1
763,CZE,PISAREAD,GIRL,2006,509.0,9,1,1,1
764,CZE,PISAREAD,GIRL,2009,504.0,9,1,1,1
765,CZE,PISAREAD,GIRL,2012,512.79,9,1,1,1
766,CZE,PISAREAD,GIRL,2015,501.0,9,1,1,1
767,CZE,PISAREAD,GIRL,2018,507.0,9,1,1,1
768,DNK,PISAREAD,BOY,2000,485.0,11,1,0,1
769,DNK,PISAREAD,BOY,2003,479.0,11,1,0,1
770,DNK,PISAREAD,BOY,2006,480.0,11,1,0,1
771,DNK,PISAREAD,BOY,2009,480.0,11,1,0,1
772,DNK,PISAREAD,BOY,2012,480.89,11,1,0,1
773,DNK,PISAREAD,BOY,2015,489.0,11,1,0,1
774,DNK,PISAREAD,BOY,2018,486.0,11,1,0,1
775,DNK,PISAREAD,GIRL,2000,510.0,11,1,1,1
776,DNK,PISAREAD,GIRL,2003,505.0,11,1,1,1
777,DNK,PISAREAD,GIRL,2006,509.0,11,1,1,1
778,DNK,PISAREAD,GIRL,2009,509.0,11,1,1,1
779,DNK,PISAREAD,GIRL,2012,511.529,11,1,1,1
780,DNK,PISAREAD,GIRL,2015,511.0,11,1,1,1
781,DNK,PISAREAD,GIRL,2018,516.0,11,1,1,1
782,FIN,PISAREAD,BOY,2000,520.0,14,1,0,1
783,FIN,PISAREAD,BOY,2003,521.0,14,1,0,1
784,FIN,PISAREAD,BOY,2006,521.0,14,1,0,1
785,FIN,PISAREAD,BOY,2009,508.0,14,1,0,1
786,FIN,PISAREAD,BOY,2012,494.006,14,1,0,1
787,FIN,PISAREAD,BOY,2015,504.0,14,1,0,1
788,FIN,PISAREAD,BOY,2018,495.0,14,1,0,1
789,FIN,PISAREAD,GIRL,2000,571.0,14,1,1,1
790,FIN,PISAREAD,GIRL,2003,565.0,14,1,1,1
791,FIN,PISAREAD,GIRL,2006,572.0,14,1,1,1
792,FIN,PISAREAD,GIRL,2009,563.0,14,1,1,1
793,FIN,PISAREAD,GIRL,2012,555.708,14,1,1,1
794,FIN,PISAREAD,GIRL,2015,551.0,14,1,1,1
795,FIN,PISAREAD,GIRL,2018,546.0,14,1,1,1
796,FRA,PISAREAD,BOY,2000,490.0,15,1,0,1
797,FRA,PISAREAD,BOY,2003,476.0,15,1,0,1
798,FRA,PISAREAD,BOY,2006,470.0,15,1,0,1
799,FRA,PISAREAD,BOY,2009,475.0,15,1,0,1
800,FRA,PISAREAD,BOY,2012,482.972,15,1,0,1
801,FRA,PISAREAD,BOY,2015,485.0,15,1,0,1
802,FRA,PISAREAD,BOY,2018,480.0,15,1,0,1
803,FRA,PISAREAD,GIRL,2000,519.0,15,1,1,1
804,FRA,PISAREAD,GIRL,2003,514.0,15,1,1,1
805,FRA,PISAREAD,GIRL,2006,505.0,15,1,1,1
806,FRA,PISAREAD,GIRL,2009,515.0,15,1,1,1
807,FRA,PISAREAD,GIRL,2012,526.765,15,1,1,1
808,FRA,PISAREAD,GIRL,2015,514.0,15,1,1,1
809,FRA,PISAREAD,GIRL,2018,505.0,15,1,1,1
810,DEU,PISAREAD,BOY,2000,468.0,10,1,0,1
811,DEU,PISAREAD,BOY,2003,471.0,10,1,0,1
812,DEU,PISAREAD,BOY,2006,475.0,10,1,0,1
813,DEU,PISAREAD,BOY,2009,478.0,10,1,0,1
814,DEU,PISAREAD,BOY,2012,486.0,10,1,0,1
815,DEU,PISAREAD,BOY,2015,499.0,10,1,0,1
816,DEU,PISAREAD,BOY,2018,486.0,10,1,0,1
817,DEU,PISAREAD,GIRL,2000,502.0,10,1,1,1
818,DEU,PISAREAD,GIRL,2003,513.0,10,1,1,1
819,DEU,PISAREAD,GIRL,2006,517.0,10,1,1,1
820,DEU,PISAREAD,GIRL,2009,518.0,10,1,1,1
821,DEU,PISAREAD,GIRL,2012,530.119,10,1,1,1
822,DEU,PISAREAD,GIRL,2015,520.0,10,1,1,1
823,DEU,PISAREAD,GIRL,2018,512.0,10,1,1,1
824,GRC,PISAREAD,BOY,2000,456.0,17,1,0,2
825,GRC,PISAREAD,BOY,2003,453.0,17,1,0,2
826,GRC,PISAREAD,BOY,2006,432.0,17,1,0,2
827,GRC,PISAREAD,BOY,2009,459.0,17,1,0,2
828,GRC,PISAREAD,BOY,2012,451.718,17,1,0,2
829,GRC,PISAREAD,BOY,2015,449.0,17,1,0,2
830,GRC,PISAREAD,BOY,2018,437.0,17,1,0,2
831,GRC,PISAREAD,GIRL,2000,493.0,17,1,1,1
832,GRC,PISAREAD,GIRL,2003,490.0,17,1,1,1
833,GRC,PISAREAD,GIRL,2006,488.0,17,1,1,1
834,GRC,PISAREAD,GIRL,2009,506.0,17,1,1,1
835,GRC,PISAREAD,GIRL,2012,502.198,17,1,1,1
836,GRC,PISAREAD,GIRL,2015,486.0,17,1,1,1
837,GRC,PISAREAD,GIRL,2018,479.0,17,1,1,1
838,HUN,PISAREAD,BOY,2000,465.0,19,1,0,1
839,HUN,PISAREAD,BOY,2003,467.0,19,1,0,1
840,HUN,PISAREAD,BOY,2006,463.0,19,1,0,1
841,HUN,PISAREAD,BOY,2009,475.0,19,1,0,1
842,HUN,PISAREAD,BOY,2012,467.964,19,1,0,1
843,HUN,PISAREAD,BOY,2015,457.0,19,1,0,2
844,HUN,PISAREAD,BOY,2018,463.0,19,1,0,1
845,HUN,PISAREAD,GIRL,2000,496.0,19,1,1,1
846,HUN,PISAREAD,GIRL,2003,498.0,19,1,1,1
847,HUN,PISAREAD,GIRL,2006,503.0,19,1,1,1
848,HUN,PISAREAD,GIRL,2009,513.0,19,1,1,1
849,HUN,PISAREAD,GIRL,2012,507.549,19,1,1,1
850,HUN,PISAREAD,GIRL,2015,482.0,19,1,1,1
851,HUN,PISAREAD,GIRL,2018,489.0,19,1,1,1
852,ISL,PISAREAD,BOY,2000,488.0,22,1,0,1
853,ISL,PISAREAD,BOY,2003,464.0,22,1,0,1
854,ISL,PISAREAD,BOY,2006,460.0,22,1,0,2
855,ISL,PISAREAD,BOY,2009,478.0,22,1,0,1
856,ISL,PISAREAD,BOY,2012,457.275,22,1,0,2
857,ISL,PISAREAD,BOY,2015,460.0,22,1,0,2
858,ISL,PISAREAD,BOY,2018,454.0,22,1,0,2
859,ISL,PISAREAD,GIRL,2000,528.0,22,1,1,1
860,ISL,PISAREAD,GIRL,2003,522.0,22,1,1,1
861,ISL,PISAREAD,GIRL,2006,509.0,22,1,1,1
862,ISL,PISAREAD,GIRL,2009,522.0,22,1,1,1
863,ISL,PISAREAD,GIRL,2012,508.39,22,1,1,1
864,ISL,PISAREAD,GIRL,2015,502.0,22,1,1,1
865,ISL,PISAREAD,GIRL,2018,494.0,22,1,1,1
866,IRL,PISAREAD,BOY,2000,513.0,21,1,0,1
867,IRL,PISAREAD,BOY,2003,501.0,21,1,0,1
868,IRL,PISAREAD,BOY,2006,500.0,21,1,0,1
869,IRL,PISAREAD,BOY,2009,476.0,21,1,0,1
870,IRL,PISAREAD,BOY,2012,509.153,21,1,0,1
871,IRL,PISAREAD,BOY,2015,515.0,21,1,0,1
872,IRL,PISAREAD,BOY,2018,506.0,21,1,0,1
873,IRL,PISAREAD,GIRL,2000,542.0,21,1,1,1
874,IRL,PISAREAD,GIRL,2003,530.0,21,1,1,1
875,IRL,PISAREAD,GIRL,2006,534.0,21,1,1,1
876,IRL,PISAREAD,GIRL,2009,515.0,21,1,1,1
877,IRL,PISAREAD,GIRL,2012,537.669,21,1,1,1
878,IRL,PISAREAD,GIRL,2015,527.0,21,1,1,1
879,IRL,PISAREAD,GIRL,2018,530.0,21,1,1,1
880,ITA,PISAREAD,BOY,2000,469.0,24,1,0,1
881,ITA,PISAREAD,BOY,2003,455.0,24,1,0,2
882,ITA,PISAREAD,BOY,2006,448.0,24,1,0,2
883,ITA,PISAREAD,BOY,2009,464.0,24,1,0,1
884,ITA,PISAREAD,BOY,2012,470.938,24,1,0,1
885,ITA,PISAREAD,BOY,2015,477.0,24,1,0,1
886,ITA,PISAREAD,BOY,2018,464.0,24,1,0,1
887,ITA,PISAREAD,GIRL,2000,507.0,24,1,1,1
888,ITA,PISAREAD,GIRL,2003,495.0,24,1,1,1
889,ITA,PISAREAD,GIRL,2006,489.0,24,1,1,1
890,ITA,PISAREAD,GIRL,2009,510.0,24,1,1,1
891,ITA,PISAREAD,GIRL,2012,509.945,24,1,1,1
892,ITA,PISAREAD,GIRL,2015,493.0,24,1,1,1
893,ITA,PISAREAD,GIRL,2018,489.0,24,1,1,1
894,JPN,PISAREAD,BOY,2000,507.0,25,1,0,1
895,JPN,PISAREAD,BOY,2003,487.0,25,1,0,1
896,JPN,PISAREAD,BOY,2006,483.0,25,1,0,1
897,JPN,PISAREAD,BOY,2009,501.0,25,1,0,1
898,JPN,PISAREAD,BOY,2012,526.618,25,1,0,1
899,JPN,PISAREAD,BOY,2015,509.0,25,1,0,1
900,JPN,PISAREAD,BOY,2018,493.0,25,1,0,1
901,JPN,PISAREAD,GIRL,2000,537.0,25,1,1,1
902,JPN,PISAREAD,GIRL,2003,509.0,25,1,1,1
903,JPN,PISAREAD,GIRL,2006,513.0,25,1,1,1
904,JPN,PISAREAD,GIRL,2009,540.0,25,1,1,1
905,JPN,PISAREAD,GIRL,2012,550.724,25,1,1,1
906,JPN,PISAREAD,GIRL,2015,523.0,25,1,1,1
907,JPN,PISAREAD,GIRL,2018,514.0,25,1,1,1
908,KOR,PISAREAD,BOY,2000,519.0,26,1,0,1
909,KOR,PISAREAD,BOY,2003,525.0,26,1,0,1
910,KOR,PISAREAD,BOY,2006,539.0,26,1,0,1
911,KOR,PISAREAD,BOY,2009,523.0,26,1,0,1
912,KOR,PISAREAD,BOY,2012,524.965,26,1,0,1
913,KOR,PISAREAD,BOY,2015,498.0,26,1,0,1
914,KOR,PISAREAD,BOY,2018,503.0,26,1,0,1
915,KOR,PISAREAD,GIRL,2000,533.0,26,1,1,1
916,KOR,PISAREAD,GIRL,2003,547.0,26,1,1,1
917,KOR,PISAREAD,GIRL,2006,574.0,26,1,1,1
918,KOR,PISAREAD,GIRL,2009,558.0,26,1,1,1
919,KOR,PISAREAD,GIRL,2012,548.207,26,1,1,1
920,KOR,PISAREAD,GIRL,2015,539.0,26,1,1,1
921,KOR,PISAREAD,GIRL,2018,526.0,26,1,1,1
922,LUX,PISAREAD,BOY,2000,429.0,28,1,0,2
923,LUX,PISAREAD,BOY,2003,463.0,28,1,0,1
924,LUX,PISAREAD,BOY,2006,464.0,28,1,0,1
925,LUX,PISAREAD,BOY,2009,453.0,28,1,0,2
926,LUX,PISAREAD,BOY,2012,473.046,28,1,0,1
927,LUX,PISAREAD,BOY,2015,471.0,28,1,0,1
928,LUX,PISAREAD,BOY,2018,456.0,28,1,0,2
929,LUX,PISAREAD,GIRL,2000,456.0,28,1,1,2
930,LUX,PISAREAD,GIRL,2003,496.0,28,1,1,1
931,LUX,PISAREAD,GIRL,2006,495.0,28,1,1,1
932,LUX,PISAREAD,GIRL,2009,492.0,28,1,1,1
933,LUX,PISAREAD,GIRL,2012,503.024,28,1,1,1
934,LUX,PISAREAD,GIRL,2015,492.0,28,1,1,1
935,LUX,PISAREAD,GIRL,2018,485.0,28,1,1,1
936,MEX,PISAREAD,BOY,2000,411.0,31,1,0,2
937,MEX,PISAREAD,BOY,2003,389.0,31,1,0,2
938,MEX,PISAREAD,BOY,2006,393.0,31,1,0,2
939,MEX,PISAREAD,BOY,2009,413.0,31,1,0,2
940,MEX,PISAREAD,BOY,2012,411.365,31,1,0,2
941,MEX,PISAREAD,BOY,2015,416.0,31,1,0,2
942,MEX,PISAREAD,BOY,2018,415.0,31,1,0,2
943,MEX,PISAREAD,GIRL,2000,432.0,31,1,1,2
944,MEX,PISAREAD,GIRL,2003,410.0,31,1,1,2
945,MEX,PISAREAD,GIRL,2006,427.0,31,1,1,2
946,MEX,PISAREAD,GIRL,2009,438.0,31,1,1,2
947,MEX,PISAREAD,GIRL,2012,435.272,31,1,1,2
948,MEX,PISAREAD,GIRL,2015,431.0,31,1,1,2
949,MEX,PISAREAD,GIRL,2018,426.0,31,1,1,2
950,NLD,PISAREAD,BOY,2003,503.0,32,1,0,1
951,NLD,PISAREAD,BOY,2006,495.0,32,1,0,1
952,NLD,PISAREAD,BOY,2009,496.0,32,1,0,1
953,NLD,PISAREAD,BOY,2012,498.317,32,1,0,1
954,NLD,PISAREAD,BOY,2015,491.0,32,1,0,1
955,NLD,PISAREAD,BOY,2018,470.0,32,1,0,1
956,NLD,PISAREAD,GIRL,2003,524.0,32,1,1,1
957,NLD,PISAREAD,GIRL,2006,519.0,32,1,1,1
958,NLD,PISAREAD,GIRL,2009,521.0,32,1,1,1
959,NLD,PISAREAD,GIRL,2012,524.761,32,1,1,1
960,NLD,PISAREAD,GIRL,2015,515.0,32,1,1,1
961,NLD,PISAREAD,GIRL,2018,499.0,32,1,1,1
962,NZL,PISAREAD,BOY,2000,507.0,34,1,0,1
963,NZL,PISAREAD,BOY,2003,508.0,34,1,0,1
964,NZL,PISAREAD,BOY,2006,502.0,34,1,0,1
965,NZL,PISAREAD,BOY,2009,499.0,34,1,0,1
966,NZL,PISAREAD,BOY,2012,495.365,34,1,0,1
967,NZL,PISAREAD,BOY,2015,493.0,34,1,0,1
968,NZL,PISAREAD,BOY,2018,491.0,34,1,0,1
969,NZL,PISAREAD,GIRL,2000,553.0,34,1,1,1
970,NZL,PISAREAD,GIRL,2003,535.0,34,1,1,1
971,NZL,PISAREAD,GIRL,2006,539.0,34,1,1,1
972,NZL,PISAREAD,GIRL,2009,544.0,34,1,1,1
973,NZL,PISAREAD,GIRL,2012,529.765,34,1,1,1
974,NZL,PISAREAD,GIRL,2015,526.0,34,1,1,1
975,NZL,PISAREAD,GIRL,2018,520.0,34,1,1,1
976,NOR,PISAREAD,BOY,2000,486.0,33,1,0,1
977,NOR,PISAREAD,BOY,2003,475.0,33,1,0,1
978,NOR,PISAREAD,BOY,2006,462.0,33,1,0,1
979,NOR,PISAREAD,BOY,2009,480.0,33,1,0,1
980,NOR,PISAREAD,BOY,2012,481.284,33,1,0,1
981,NOR,PISAREAD,BOY,2015,494.0,33,1,0,1
982,NOR,PISAREAD,BOY,2018,476.0,33,1,0,1
983,NOR,PISAREAD,GIRL,2000,529.0,33,1,1,1
984,NOR,PISAREAD,GIRL,2003,525.0,33,1,1,1
985,NOR,PISAREAD,GIRL,2006,508.0,33,1,1,1
986,NOR,PISAREAD,GIRL,2009,527.0,33,1,1,1
987,NOR,PISAREAD,GIRL,2012,527.771,33,1,1,1
988,NOR,PISAREAD,GIRL,2015,533.0,33,1,1,1
989,NOR,PISAREAD,GIRL,2018,523.0,33,1,1,1
990,POL,PISAREAD,BOY,2000,461.0,37,1,0,2
991,POL,PISAREAD,BOY,2003,477.0,37,1,0,1
992,POL,PISAREAD,BOY,2006,487.0,37,1,0,1
993,POL,PISAREAD,BOY,2009,476.0,37,1,0,1
994,POL,PISAREAD,BOY,2012,496.706,37,1,0,1
995,POL,PISAREAD,BOY,2015,491.0,37,1,0,1
996,POL,PISAREAD,BOY,2018,495.0,37,1,0,1
997,POL,PISAREAD,GIRL,2000,497.0,37,1,1,1
998,POL,PISAREAD,GIRL,2003,516.0,37,1,1,1
999,POL,PISAREAD,GIRL,2006,528.0,37,1,1,1
1000,POL,PISAREAD,GIRL,2009,525.0,37,1,1,1
1001,POL,PISAREAD,GIRL,2012,538.687,37,1,1,1
1002,POL,PISAREAD,GIRL,2015,521.0,37,1,1,1
1003,POL,PISAREAD,GIRL,2018,528.0,37,1,1,1
1004,PRT,PISAREAD,BOY,2000,458.0,38,1,0,2
1005,PRT,PISAREAD,BOY,2003,459.0,38,1,0,2
1006,PRT,PISAREAD,BOY,2006,455.0,38,1,0,2
1007,PRT,PISAREAD,BOY,2009,470.0,38,1,0,1
1008,PRT,PISAREAD,BOY,2012,468.39,38,1,0,1
1009,PRT,PISAREAD,BOY,2015,490.0,38,1,0,1
1010,PRT,PISAREAD,BOY,2018,480.0,38,1,0,1
1011,PRT,PISAREAD,GIRL,2000,482.0,38,1,1,1
1012,PRT,PISAREAD,GIRL,2003,495.0,38,1,1,1
1013,PRT,PISAREAD,GIRL,2006,488.0,38,1,1,1
1014,PRT,PISAREAD,GIRL,2009,508.0,38,1,1,1
1015,PRT,PISAREAD,GIRL,2012,507.562,38,1,1,1
1016,PRT,PISAREAD,GIRL,2015,507.0,38,1,1,1
1017,PRT,PISAREAD,GIRL,2018,504.0,38,1,1,1
1018,SVK,PISAREAD,BOY,2003,453.0,41,1,0,2
1019,SVK,PISAREAD,BOY,2006,446.0,41,1,0,2
1020,SVK,PISAREAD,BOY,2009,452.0,41,1,0,2
1021,SVK,PISAREAD,BOY,2012,444.081,41,1,0,2
1022,SVK,PISAREAD,BOY,2015,435.0,41,1,0,2
1023,SVK,PISAREAD,BOY,2018,441.0,41,1,0,2
1024,SVK,PISAREAD,GIRL,2003,486.0,41,1,1,1
1025,SVK,PISAREAD,GIRL,2006,488.0,41,1,1,1
1026,SVK,PISAREAD,GIRL,2009,503.0,41,1,1,1
1027,SVK,PISAREAD,GIRL,2012,483.303,41,1,1,1
1028,SVK,PISAREAD,GIRL,2015,471.0,41,1,1,1
1029,SVK,PISAREAD,GIRL,2018,475.0,41,1,1,1
1030,ESP,PISAREAD,BOY,2000,481.0,12,1,0,1
1031,ESP,PISAREAD,BOY,2003,461.0,12,1,0,2
1032,ESP,PISAREAD,BOY,2006,443.0,12,1,0,2
1033,ESP,PISAREAD,BOY,2009,467.0,12,1,0,1
1034,ESP,PISAREAD,BOY,2012,473.806,12,1,0,1
1035,ESP,PISAREAD,BOY,2015,485.0,12,1,0,1
1036,ESP,PISAREAD,GIRL,2000,505.0,12,1,1,1
1037,ESP,PISAREAD,GIRL,2003,500.0,12,1,1,1
1038,ESP,PISAREAD,GIRL,2006,479.0,12,1,1,1
1039,ESP,PISAREAD,GIRL,2009,496.0,12,1,1,1
1040,ESP,PISAREAD,GIRL,2012,502.511,12,1,1,1
1041,ESP,PISAREAD,GIRL,2015,506.0,12,1,1,1
1042,SWE,PISAREAD,BOY,2000,499.0,43,1,0,1
1043,SWE,PISAREAD,BOY,2003,496.0,43,1,0,1
1044,SWE,PISAREAD,BOY,2006,488.0,43,1,0,1
1045,SWE,PISAREAD,BOY,2009,475.0,43,1,0,1
1046,SWE,PISAREAD,BOY,2012,457.991,43,1,0,2
1047,SWE,PISAREAD,BOY,2015,481.0,43,1,0,1
1048,SWE,PISAREAD,BOY,2018,489.0,43,1,0,1
1049,SWE,PISAREAD,GIRL,2000,536.0,43,1,1,1
1050,SWE,PISAREAD,GIRL,2003,533.0,43,1,1,1
1051,SWE,PISAREAD,GIRL,2006,528.0,43,1,1,1
1052,SWE,PISAREAD,GIRL,2009,521.0,43,1,1,1
1053,SWE,PISAREAD,GIRL,2012,509.135,43,1,1,1
1054,SWE,PISAREAD,GIRL,2015,520.0,43,1,1,1
1055,SWE,PISAREAD,GIRL,2018,523.0,43,1,1,1
1056,CHE,PISAREAD,BOY,2000,480.0,5,1,0,1
1057,CHE,PISAREAD,BOY,2003,482.0,5,1,0,1
1058,CHE,PISAREAD,BOY,2006,484.0,5,1,0,1
1059,CHE,PISAREAD,BOY,2009,481.0,5,1,0,1
1060,CHE,PISAREAD,BOY,2012,491.074,5,1,0,1
1061,CHE,PISAREAD,BOY,2015,480.0,5,1,0,1
1062,CHE,PISAREAD,BOY,2018,469.0,5,1,0,1
1063,CHE,PISAREAD,GIRL,2000,510.0,5,1,1,1
1064,CHE,PISAREAD,GIRL,2003,517.0,5,1,1,1
1065,CHE,PISAREAD,GIRL,2006,515.0,5,1,1,1
1066,CHE,PISAREAD,GIRL,2009,520.0,5,1,1,1
1067,CHE,PISAREAD,GIRL,2012,527.064,5,1,1,1
1068,CHE,PISAREAD,GIRL,2015,505.0,5,1,1,1
1069,CHE,PISAREAD,GIRL,2018,500.0,5,1,1,1
1070,TUR,PISAREAD,BOY,2003,426.0,44,1,0,2
1071,TUR,PISAREAD,BOY,2006,427.0,44,1,0,2
1072,TUR,PISAREAD,BOY,2009,443.0,44,1,0,2
1073,TUR,PISAREAD,BOY,2012,452.843,44,1,0,2
1074,TUR,PISAREAD,BOY,2015,414.0,44,1,0,2
1075,TUR,PISAREAD,BOY,2018,453.0,44,1,0,2
1076,TUR,PISAREAD,GIRL,2003,459.0,44,1,1,2
1077,TUR,PISAREAD,GIRL,2006,471.0,44,1,1,1
1078,TUR,PISAREAD,GIRL,2009,486.0,44,1,1,1
1079,TUR,PISAREAD,GIRL,2012,498.64,44,1,1,1
1080,TUR,PISAREAD,GIRL,2015,442.0,44,1,1,2
1081,TUR,PISAREAD,GIRL,2018,478.0,44,1,1,1
1082,GBR,PISAREAD,BOY,2006,480.0,16,1,0,1
1083,GBR,PISAREAD,BOY,2009,481.0,16,1,0,1
1084,GBR,PISAREAD,BOY,2012,486.631,16,1,0,1
1085,GBR,PISAREAD,BOY,2015,487.0,16,1,0,1
1086,GBR,PISAREAD,BOY,2018,494.0,16,1,0,1
1087,GBR,PISAREAD,GIRL,2006,510.0,16,1,1,1
1088,GBR,PISAREAD,GIRL,2009,507.0,16,1,1,1
1089,GBR,PISAREAD,GIRL,2012,511.534,16,1,1,1
1090,GBR,PISAREAD,GIRL,2015,509.0,16,1,1,1
1091,GBR,PISAREAD,GIRL,2018,514.0,16,1,1,1
1092,USA,PISAREAD,BOY,2000,490.0,46,1,0,1
1093,USA,PISAREAD,BOY,2003,479.0,46,1,0,1
1094,USA,PISAREAD,BOY,2009,488.0,46,1,0,1
1095,USA,PISAREAD,BOY,2012,482.498,46,1,0,1
1096,USA,PISAREAD,BOY,2015,487.0,46,1,0,1
1097,USA,PISAREAD,BOY,2018,494.0,46,1,0,1
1098,USA,PISAREAD,GIRL,2000,518.0,46,1,1,1
1099,USA,PISAREAD,GIRL,2003,511.0,46,1,1,1
1100,USA,PISAREAD,GIRL,2009,513.0,46,1,1,1
1101,USA,PISAREAD,GIRL,2012,513.269,46,1,1,1
1102,USA,PISAREAD,GIRL,2015,507.0,46,1,1,1
1103,USA,PISAREAD,GIRL,2018,517.0,46,1,1,1
1104,BRA,PISAREAD,BOY,2000,388.0,3,1,0,2
1105,BRA,PISAREAD,BOY,2003,384.0,3,1,0,2
1106,BRA,PISAREAD,BOY,2006,376.0,3,1,0,2
1107,BRA,PISAREAD,BOY,2009,397.0,3,1,0,2
1108,BRA,PISAREAD,BOY,2012,394.184,3,1,0,2
1109,BRA,PISAREAD,BOY,2015,395.0,3,1,0,2
1110,BRA,PISAREAD,BOY,2018,400.0,3,1,0,2
1111,BRA,PISAREAD,GIRL,2000,404.0,3,1,1,2
1112,BRA,PISAREAD,GIRL,2003,419.0,3,1,1,2
1113,BRA,PISAREAD,GIRL,2006,408.0,3,1,1,2
1114,BRA,PISAREAD,GIRL,2009,425.0,3,1,1,2
1115,BRA,PISAREAD,GIRL,2012,424.734,3,1,1,2
1116,BRA,PISAREAD,GIRL,2015,419.0,3,1,1,2
1117,BRA,PISAREAD,GIRL,2018,426.0,3,1,1,2
1118,CHL,PISAREAD,BOY,2000,396.0,6,1,0,2
1119,CHL,PISAREAD,BOY,2006,434.0,6,1,0,2
1120,CHL,PISAREAD,BOY,2009,439.0,6,1,0,2
1121,CHL,PISAREAD,BOY,2012,429.696,6,1,0,2
1122,CHL,PISAREAD,BOY,2015,453.0,6,1,0,2
1123,CHL,PISAREAD,BOY,2018,442.0,6,1,0,2
1124,CHL,PISAREAD,GIRL,2000,421.0,6,1,1,2
1125,CHL,PISAREAD,GIRL,2006,451.0,6,1,1,2
1126,CHL,PISAREAD,GIRL,2009,461.0,6,1,1,2
1127,CHL,PISAREAD,GIRL,2012,452.371,6,1,1,2
1128,CHL,PISAREAD,GIRL,2015,465.0,6,1,1,1
1129,CHL,PISAREAD,GIRL,2018,462.0,6,1,1,2
1130,EST,PISAREAD,BOY,2006,478.0,13,1,0,1
1131,EST,PISAREAD,BOY,2009,480.0,13,1,0,1
1132,EST,PISAREAD,BOY,2012,494.319,13,1,0,1
1133,EST,PISAREAD,BOY,2015,505.0,13,1,0,1
1134,EST,PISAREAD,BOY,2018,508.0,13,1,0,1
1135,EST,PISAREAD,GIRL,2006,524.0,13,1,1,1
1136,EST,PISAREAD,GIRL,2009,524.0,13,1,1,1
1137,EST,PISAREAD,GIRL,2012,537.833,13,1,1,1
1138,EST,PISAREAD,GIRL,2015,533.0,13,1,1,1
1139,EST,PISAREAD,GIRL,2018,538.0,13,1,1,1
1140,IDN,PISAREAD,BOY,2000,360.0,20,1,0,2
1141,IDN,PISAREAD,BOY,2003,369.0,20,1,0,2
1142,IDN,PISAREAD,BOY,2006,384.0,20,1,0,2
1143,IDN,PISAREAD,BOY,2009,383.0,20,1,0,2
1144,IDN,PISAREAD,BOY,2012,382.254,20,1,0,2
1145,IDN,PISAREAD,BOY,2015,386.0,20,1,0,2
1146,IDN,PISAREAD,BOY,2018,358.0,20,1,0,2
1147,IDN,PISAREAD,GIRL,2000,380.0,20,1,1,2
1148,IDN,PISAREAD,GIRL,2003,394.0,20,1,1,2
1149,IDN,PISAREAD,GIRL,2006,402.0,20,1,1,2
1150,IDN,PISAREAD,GIRL,2009,420.0,20,1,1,2
1151,IDN,PISAREAD,GIRL,2012,410.408,20,1,1,2
1152,IDN,PISAREAD,GIRL,2015,409.0,20,1,1,2
1153,IDN,PISAREAD,GIRL,2018,383.0,20,1,1,2
1154,ISR,PISAREAD,BOY,2000,444.0,23,1,0,2
1155,ISR,PISAREAD,BOY,2006,417.0,23,1,0,2
1156,ISR,PISAREAD,BOY,2009,452.0,23,1,0,2
1157,ISR,PISAREAD,BOY,2012,463.46,23,1,0,1
1158,ISR,PISAREAD,BOY,2015,467.0,23,1,0,1
1159,ISR,PISAREAD,BOY,2018,445.0,23,1,0,2
1160,ISR,PISAREAD,GIRL,2000,459.0,23,1,1,2
1161,ISR,PISAREAD,GIRL,2006,460.0,23,1,1,2
1162,ISR,PISAREAD,GIRL,2009,495.0,23,1,1,1
1163,ISR,PISAREAD,GIRL,2012,507.451,23,1,1,1
1164,ISR,PISAREAD,GIRL,2015,490.0,23,1,1,1
1165,ISR,PISAREAD,GIRL,2018,493.0,23,1,1,1
1166,RUS,PISAREAD,BOY,2000,443.0,39,1,0,2
1167,RUS,PISAREAD,BOY,2003,428.0,39,1,0,2
1168,RUS,PISAREAD,BOY,2009,437.0,39,1,0,2
1169,RUS,PISAREAD,BOY,2012,455.147,39,1,0,2
1170,RUS,PISAREAD,BOY,2015,481.0,39,1,0,1
1171,RUS,PISAREAD,BOY,2018,466.0,39,1,0,1
1172,RUS,PISAREAD,GIRL,2000,481.0,39,1,1,1
1173,RUS,PISAREAD,GIRL,2003,456.0,39,1,1,2
1174,RUS,PISAREAD,GIRL,2009,482.0,39,1,1,1
1175,RUS,PISAREAD,GIRL,2012,495.144,39,1,1,1
1176,RUS,PISAREAD,GIRL,2015,507.0,39,1,1,1
1177,RUS,PISAREAD,GIRL,2018,491.0,39,1,1,1
1178,SVN,PISAREAD,BOY,2006,467.0,42,1,0,1
1179,SVN,PISAREAD,BOY,2009,456.0,42,1,0,2
1180,SVN,PISAREAD,BOY,2012,454.466,42,1,0,2
1181,SVN,PISAREAD,BOY,2015,484.0,42,1,0,1
1182,SVN,PISAREAD,BOY,2018,475.0,42,1,0,1
1183,SVN,PISAREAD,GIRL,2006,521.0,42,1,1,1
1184,SVN,PISAREAD,GIRL,2009,511.0,42,1,1,1
1185,SVN,PISAREAD,GIRL,2012,510.15,42,1,1,1
1186,SVN,PISAREAD,GIRL,2015,528.0,42,1,1,1
1187,SVN,PISAREAD,GIRL,2018,517.0,42,1,1,1
1188,OAVG,PISAREAD,BOY,2000,479.552,35,1,0,1
1189,OAVG,PISAREAD,BOY,2003,477.033,35,1,0,1
1190,OAVG,PISAREAD,BOY,2006,470.061,35,1,0,1
1191,OAVG,PISAREAD,BOY,2009,474.088,35,1,0,1
1192,OAVG,PISAREAD,BOY,2012,477.832,35,1,0,1
1193,OAVG,PISAREAD,BOY,2015,479.0,35,1,0,1
1194,OAVG,PISAREAD,BOY,2018,472.0,35,1,0,1
1195,OAVG,PISAREAD,GIRL,2000,510.828,35,1,1,1
1196,OAVG,PISAREAD,GIRL,2003,511.667,35,1,1,1
1197,OAVG,PISAREAD,GIRL,2006,508.576,35,1,1,1
1198,OAVG,PISAREAD,GIRL,2009,513.235,35,1,1,1
1199,OAVG,PISAREAD,GIRL,2012,515.427,35,1,1,1
1200,OAVG,PISAREAD,GIRL,2015,506.0,35,1,1,1
1201,OAVG,PISAREAD,GIRL,2018,502.0,35,1,1,1
1202,LVA,PISAREAD,BOY,2015,467.0,29,1,0,1
1203,LVA,PISAREAD,BOY,2018,462.0,29,1,0,1
1204,LVA,PISAREAD,GIRL,2015,509.0,29,1,1,1
1205,LVA,PISAREAD,GIRL,2018,495.0,29,1,1,1
1206,AUS,PISAREAD,TOT,2000,528.0,0,1,2,1
1207,AUS,PISAREAD,TOT,2003,525.0,0,1,2,1
1208,AUS,PISAREAD,TOT,2006,513.0,0,1,2,1
1209,AUS,PISAREAD,TOT,2009,515.0,0,1,2,1
1210,AUS,PISAREAD,TOT,2012,512.0,0,1,2,1
1211,AUS,PISAREAD,TOT,2015,503.0,0,1,2,1
1212,AUS,PISAREAD,TOT,2018,503.0,0,1,2,1
1213,AUT,PISAREAD,TOT,2000,492.0,1,1,2,1
1214,AUT,PISAREAD,TOT,2003,491.0,1,1,2,1
1215,AUT,PISAREAD,TOT,2006,490.0,1,1,2,1
1216,AUT,PISAREAD,TOT,2012,490.0,1,1,2,1
1217,AUT,PISAREAD,TOT,2015,485.0,1,1,2,1
1218,AUT,PISAREAD,TOT,2018,484.0,1,1,2,1
1219,BEL,PISAREAD,TOT,2000,507.0,2,1,2,1
1220,BEL,PISAREAD,TOT,2003,507.0,2,1,2,1
1221,BEL,PISAREAD,TOT,2006,501.0,2,1,2,1
1222,BEL,PISAREAD,TOT,2009,506.0,2,1,2,1
1223,BEL,PISAREAD,TOT,2012,509.0,2,1,2,1
1224,BEL,PISAREAD,TOT,2015,499.0,2,1,2,1
1225,BEL,PISAREAD,TOT,2018,493.0,2,1,2,1
1226,CAN,PISAREAD,TOT,2000,534.0,4,1,2,1
1227,CAN,PISAREAD,TOT,2003,528.0,4,1,2,1
1228,CAN,PISAREAD,TOT,2006,527.0,4,1,2,1
1229,CAN,PISAREAD,TOT,2009,524.0,4,1,2,1
1230,CAN,PISAREAD,TOT,2012,523.0,4,1,2,1
1231,CAN,PISAREAD,TOT,2015,527.0,4,1,2,1
1232,CAN,PISAREAD,TOT,2018,520.0,4,1,2,1
1233,CZE,PISAREAD,TOT,2000,492.0,9,1,2,1
1234,CZE,PISAREAD,TOT,2003,489.0,9,1,2,1
1235,CZE,PISAREAD,TOT,2006,483.0,9,1,2,1
1236,CZE,PISAREAD,TOT,2009,478.0,9,1,2,1
1237,CZE,PISAREAD,TOT,2012,493.0,9,1,2,1
1238,CZE,PISAREAD,TOT,2015,487.0,9,1,2,1
1239,CZE,PISAREAD,TOT,2018,490.0,9,1,2,1
1240,DNK,PISAREAD,TOT,2000,497.0,11,1,2,1
1241,DNK,PISAREAD,TOT,2003,492.0,11,1,2,1
1242,DNK,PISAREAD,TOT,2006,494.0,11,1,2,1
1243,DNK,PISAREAD,TOT,2009,495.0,11,1,2,1
1244,DNK,PISAREAD,TOT,2012,496.0,11,1,2,1
1245,DNK,PISAREAD,TOT,2015,500.0,11,1,2,1
1246,DNK,PISAREAD,TOT,2018,501.0,11,1,2,1
1247,FIN,PISAREAD,TOT,2000,546.0,14,1,2,1
1248,FIN,PISAREAD,TOT,2003,543.0,14,1,2,1
1249,FIN,PISAREAD,TOT,2006,547.0,14,1,2,1
1250,FIN,PISAREAD,TOT,2009,536.0,14,1,2,1
1251,FIN,PISAREAD,TOT,2012,524.0,14,1,2,1
1252,FIN,PISAREAD,TOT,2015,526.0,14,1,2,1
1253,FIN,PISAREAD,TOT,2018,520.0,14,1,2,1
1254,FRA,PISAREAD,TOT,2000,505.0,15,1,2,1
1255,FRA,PISAREAD,TOT,2003,496.0,15,1,2,1
1256,FRA,PISAREAD,TOT,2006,488.0,15,1,2,1
1257,FRA,PISAREAD,TOT,2009,496.0,15,1,2,1
1258,FRA,PISAREAD,TOT,2012,505.0,15,1,2,1
1259,FRA,PISAREAD,TOT,2015,499.0,15,1,2,1
1260,FRA,PISAREAD,TOT,2018,493.0,15,1,2,1
1261,DEU,PISAREAD,TOT,2000,484.0,10,1,2,1
1262,DEU,PISAREAD,TOT,2003,491.0,10,1,2,1
1263,DEU,PISAREAD,TOT,2006,495.0,10,1,2,1
1264,DEU,PISAREAD,TOT,2009,497.0,10,1,2,1
1265,DEU,PISAREAD,TOT,2012,508.0,10,1,2,1
1266,DEU,PISAREAD,TOT,2015,509.0,10,1,2,1
1267,DEU,PISAREAD,TOT,2018,498.0,10,1,2,1
1268,GRC,PISAREAD,TOT,2000,474.0,17,1,2,1
1269,GRC,PISAREAD,TOT,2003,472.0,17,1,2,1
1270,GRC,PISAREAD,TOT,2006,460.0,17,1,2,2
1271,GRC,PISAREAD,TOT,2009,483.0,17,1,2,1
1272,GRC,PISAREAD,TOT,2012,477.0,17,1,2,1
1273,GRC,PISAREAD,TOT,2015,467.0,17,1,2,1
1274,GRC,PISAREAD,TOT,2018,457.0,17,1,2,2
1275,HUN,PISAREAD,TOT,2000,480.0,19,1,2,1
1276,HUN,PISAREAD,TOT,2003,482.0,19,1,2,1
1277,HUN,PISAREAD,TOT,2006,482.0,19,1,2,1
1278,HUN,PISAREAD,TOT,2009,494.0,19,1,2,1
1279,HUN,PISAREAD,TOT,2012,488.0,19,1,2,1
1280,HUN,PISAREAD,TOT,2015,470.0,19,1,2,1
1281,HUN,PISAREAD,TOT,2018,476.0,19,1,2,1
1282,ISL,PISAREAD,TOT,2000,507.0,22,1,2,1
1283,ISL,PISAREAD,TOT,2003,492.0,22,1,2,1
1284,ISL,PISAREAD,TOT,2006,484.0,22,1,2,1
1285,ISL,PISAREAD,TOT,2009,500.0,22,1,2,1
1286,ISL,PISAREAD,TOT,2012,483.0,22,1,2,1
1287,ISL,PISAREAD,TOT,2015,482.0,22,1,2,1
1288,ISL,PISAREAD,TOT,2018,474.0,22,1,2,1
1289,IRL,PISAREAD,TOT,2000,527.0,21,1,2,1
1290,IRL,PISAREAD,TOT,2003,515.0,21,1,2,1
1291,IRL,PISAREAD,TOT,2006,517.0,21,1,2,1
1292,IRL,PISAREAD,TOT,2009,496.0,21,1,2,1
1293,IRL,PISAREAD,TOT,2012,523.0,21,1,2,1
1294,IRL,PISAREAD,TOT,2015,521.0,21,1,2,1
1295,IRL,PISAREAD,TOT,2018,518.0,21,1,2,1
1296,ITA,PISAREAD,TOT,2000,487.0,24,1,2,1
1297,ITA,PISAREAD,TOT,2003,476.0,24,1,2,1
1298,ITA,PISAREAD,TOT,2006,469.0,24,1,2,1
1299,ITA,PISAREAD,TOT,2009,486.0,24,1,2,1
1300,ITA,PISAREAD,TOT,2012,490.0,24,1,2,1
1301,ITA,PISAREAD,TOT,2015,485.0,24,1,2,1
1302,ITA,PISAREAD,TOT,2018,476.0,24,1,2,1
1303,JPN,PISAREAD,TOT,2000,522.0,25,1,2,1
1304,JPN,PISAREAD,TOT,2003,498.0,25,1,2,1
1305,JPN,PISAREAD,TOT,2006,498.0,25,1,2,1
1306,JPN,PISAREAD,TOT,2009,520.0,25,1,2,1
1307,JPN,PISAREAD,TOT,2012,538.0,25,1,2,1
1308,JPN,PISAREAD,TOT,2015,516.0,25,1,2,1
1309,JPN,PISAREAD,TOT,2018,504.0,25,1,2,1
1310,KOR,PISAREAD,TOT,2000,525.0,26,1,2,1
1311,KOR,PISAREAD,TOT,2003,534.0,26,1,2,1
1312,KOR,PISAREAD,TOT,2006,556.0,26,1,2,1
1313,KOR,PISAREAD,TOT,2009,539.0,26,1,2,1
1314,KOR,PISAREAD,TOT,2012,536.0,26,1,2,1
1315,KOR,PISAREAD,TOT,2015,517.0,26,1,2,1
1316,KOR,PISAREAD,TOT,2018,514.0,26,1,2,1
1317,LUX,PISAREAD,TOT,2003,479.0,28,1,2,1
1318,LUX,PISAREAD,TOT,2006,479.0,28,1,2,1
1319,LUX,PISAREAD,TOT,2009,472.0,28,1,2,1
1320,LUX,PISAREAD,TOT,2012,488.0,28,1,2,1
1321,LUX,PISAREAD,TOT,2015,481.0,28,1,2,1
1322,LUX,PISAREAD,TOT,2018,470.0,28,1,2,1
1323,MEX,PISAREAD,TOT,2000,422.0,31,1,2,2
1324,MEX,PISAREAD,TOT,2003,400.0,31,1,2,2
1325,MEX,PISAREAD,TOT,2006,410.0,31,1,2,2
1326,MEX,PISAREAD,TOT,2009,425.0,31,1,2,2
1327,MEX,PISAREAD,TOT,2012,424.0,31,1,2,2
1328,MEX,PISAREAD,TOT,2015,423.0,31,1,2,2
1329,MEX,PISAREAD,TOT,2018,420.0,31,1,2,2
1330,NLD,PISAREAD,TOT,2003,513.0,32,1,2,1
1331,NLD,PISAREAD,TOT,2006,507.0,32,1,2,1
1332,NLD,PISAREAD,TOT,2009,508.0,32,1,2,1
1333,NLD,PISAREAD,TOT,2012,511.0,32,1,2,1
1334,NLD,PISAREAD,TOT,2015,503.0,32,1,2,1
1335,NLD,PISAREAD,TOT,2018,485.0,32,1,2,1
1336,NZL,PISAREAD,TOT,2000,529.0,34,1,2,1
1337,NZL,PISAREAD,TOT,2003,522.0,34,1,2,1
1338,NZL,PISAREAD,TOT,2006,521.0,34,1,2,1
1339,NZL,PISAREAD,TOT,2009,521.0,34,1,2,1
1340,NZL,PISAREAD,TOT,2012,512.0,34,1,2,1
1341,NZL,PISAREAD,TOT,2015,509.0,34,1,2,1
1342,NZL,PISAREAD,TOT,2018,506.0,34,1,2,1
1343,NOR,PISAREAD,TOT,2000,505.0,33,1,2,1
1344,NOR,PISAREAD,TOT,2003,500.0,33,1,2,1
1345,NOR,PISAREAD,TOT,2006,484.0,33,1,2,1
1346,NOR,PISAREAD,TOT,2009,503.0,33,1,2,1
1347,NOR,PISAREAD,TOT,2012,504.0,33,1,2,1
1348,NOR,PISAREAD,TOT,2015,513.0,33,1,2,1
1349,NOR,PISAREAD,TOT,2018,499.0,33,1,2,1
1350,POL,PISAREAD,TOT,2000,479.0,37,1,2,1
1351,POL,PISAREAD,TOT,2003,497.0,37,1,2,1
1352,POL,PISAREAD,TOT,2006,508.0,37,1,2,1
1353,POL,PISAREAD,TOT,2009,500.0,37,1,2,1
1354,POL,PISAREAD,TOT,2012,518.0,37,1,2,1
1355,POL,PISAREAD,TOT,2015,506.0,37,1,2,1
1356,POL,PISAREAD,TOT,2018,512.0,37,1,2,1
1357,PRT,PISAREAD,TOT,2000,470.0,38,1,2,1
1358,PRT,PISAREAD,TOT,2003,478.0,38,1,2,1
1359,PRT,PISAREAD,TOT,2006,472.0,38,1,2,1
1360,PRT,PISAREAD,TOT,2009,489.0,38,1,2,1
1361,PRT,PISAREAD,TOT,2012,488.0,38,1,2,1
1362,PRT,PISAREAD,TOT,2015,498.0,38,1,2,1
1363,PRT,PISAREAD,TOT,2018,492.0,38,1,2,1
1364,SVK,PISAREAD,TOT,2003,469.0,41,1,2,1
1365,SVK,PISAREAD,TOT,2006,466.0,41,1,2,1
1366,SVK,PISAREAD,TOT,2009,477.0,41,1,2,1
1367,SVK,PISAREAD,TOT,2012,463.0,41,1,2,1
1368,SVK,PISAREAD,TOT,2015,453.0,41,1,2,2
1369,SVK,PISAREAD,TOT,2018,458.0,41,1,2,2
1370,ESP,PISAREAD,TOT,2000,493.0,12,1,2,1
1371,ESP,PISAREAD,TOT,2003,481.0,12,1,2,1
1372,ESP,PISAREAD,TOT,2006,461.0,12,1,2,2
1373,ESP,PISAREAD,TOT,2009,481.0,12,1,2,1
1374,ESP,PISAREAD,TOT,2012,488.0,12,1,2,1
1375,ESP,PISAREAD,TOT,2015,496.0,12,1,2,1
1376,SWE,PISAREAD,TOT,2000,516.0,43,1,2,1
1377,SWE,PISAREAD,TOT,2003,514.0,43,1,2,1
1378,SWE,PISAREAD,TOT,2006,507.0,43,1,2,1
1379,SWE,PISAREAD,TOT,2009,497.0,43,1,2,1
1380,SWE,PISAREAD,TOT,2012,483.0,43,1,2,1
1381,SWE,PISAREAD,TOT,2015,500.0,43,1,2,1
1382,SWE,PISAREAD,TOT,2018,506.0,43,1,2,1
1383,CHE,PISAREAD,TOT,2000,494.0,5,1,2,1
1384,CHE,PISAREAD,TOT,2003,499.0,5,1,2,1
1385,CHE,PISAREAD,TOT,2006,499.0,5,1,2,1
1386,CHE,PISAREAD,TOT,2009,501.0,5,1,2,1
1387,CHE,PISAREAD,TOT,2012,509.0,5,1,2,1
1388,CHE,PISAREAD,TOT,2015,492.0,5,1,2,1
1389,CHE,PISAREAD,TOT,2018,484.0,5,1,2,1
1390,TUR,PISAREAD,TOT,2003,441.0,44,1,2,2
1391,TUR,PISAREAD,TOT,2006,447.0,44,1,2,2
1392,TUR,PISAREAD,TOT,2009,464.0,44,1,2,1
1393,TUR,PISAREAD,TOT,2012,475.0,44,1,2,1
1394,TUR,PISAREAD,TOT,2015,428.0,44,1,2,2
1395,TUR,PISAREAD,TOT,2018,466.0,44,1,2,1
1396,GBR,PISAREAD,TOT,2006,495.0,16,1,2,1
1397,GBR,PISAREAD,TOT,2009,494.0,16,1,2,1
1398,GBR,PISAREAD,TOT,2012,499.0,16,1,2,1
1399,GBR,PISAREAD,TOT,2015,498.0,16,1,2,1
1400,GBR,PISAREAD,TOT,2018,504.0,16,1,2,1
1401,USA,PISAREAD,TOT,2000,504.0,46,1,2,1
1402,USA,PISAREAD,TOT,2003,495.0,46,1,2,1
1403,USA,PISAREAD,TOT,2009,500.0,46,1,2,1
1404,USA,PISAREAD,TOT,2012,498.0,46,1,2,1
1405,USA,PISAREAD,TOT,2015,497.0,46,1,2,1
1406,USA,PISAREAD,TOT,2018,505.0,46,1,2,1
1407,BRA,PISAREAD,TOT,2000,396.0,3,1,2,2
1408,BRA,PISAREAD,TOT,2003,403.0,3,1,2,2
1409,BRA,PISAREAD,TOT,2006,393.0,3,1,2,2
1410,BRA,PISAREAD,TOT,2009,412.0,3,1,2,2
1411,BRA,PISAREAD,TOT,2012,407.0,3,1,2,2
1412,BRA,PISAREAD,TOT,2015,407.0,3,1,2,2
1413,BRA,PISAREAD,TOT,2018,413.0,3,1,2,2
1414,CHL,PISAREAD,TOT,2000,410.0,6,1,2,2
1415,CHL,PISAREAD,TOT,2006,442.0,6,1,2,2
1416,CHL,PISAREAD,TOT,2009,449.0,6,1,2,2
1417,CHL,PISAREAD,TOT,2012,441.0,6,1,2,2
1418,CHL,PISAREAD,TOT,2015,459.0,6,1,2,2
1419,CHL,PISAREAD,TOT,2018,452.0,6,1,2,2
1420,EST,PISAREAD,TOT,2006,501.0,13,1,2,1
1421,EST,PISAREAD,TOT,2009,501.0,13,1,2,1
1422,EST,PISAREAD,TOT,2012,516.0,13,1,2,1
1423,EST,PISAREAD,TOT,2015,519.0,13,1,2,1
1424,EST,PISAREAD,TOT,2018,523.0,13,1,2,1
1425,IDN,PISAREAD,TOT,2000,371.0,20,1,2,2
1426,IDN,PISAREAD,TOT,2003,382.0,20,1,2,2
1427,IDN,PISAREAD,TOT,2006,393.0,20,1,2,2
1428,IDN,PISAREAD,TOT,2009,402.0,20,1,2,2
1429,IDN,PISAREAD,TOT,2012,396.0,20,1,2,2
1430,IDN,PISAREAD,TOT,2015,397.0,20,1,2,2
1431,IDN,PISAREAD,TOT,2018,371.0,20,1,2,2
1432,ISR,PISAREAD,TOT,2000,452.0,23,1,2,2
1433,ISR,PISAREAD,TOT,2006,439.0,23,1,2,2
1434,ISR,PISAREAD,TOT,2009,474.0,23,1,2,1
1435,ISR,PISAREAD,TOT,2012,486.0,23,1,2,1
1436,ISR,PISAREAD,TOT,2015,479.0,23,1,2,1
1437,ISR,PISAREAD,TOT,2018,470.0,23,1,2,1
1438,LVA,PISAREAD,TOT,2000,458.0,29,1,2,2
1439,LVA,PISAREAD,TOT,2003,491.0,29,1,2,1
1440,LVA,PISAREAD,TOT,2006,479.0,29,1,2,1
1441,LVA,PISAREAD,TOT,2009,484.0,29,1,2,1
1442,LVA,PISAREAD,TOT,2012,489.0,29,1,2,1
1443,LVA,PISAREAD,TOT,2015,488.0,29,1,2,1
1444,LVA,PISAREAD,TOT,2018,479.0,29,1,2,1
1445,RUS,PISAREAD,TOT,2000,462.0,39,1,2,1
1446,RUS,PISAREAD,TOT,2003,442.0,39,1,2,2
1447,RUS,PISAREAD,TOT,2006,440.0,39,1,2,2
1448,RUS,PISAREAD,TOT,2009,459.0,39,1,2,2
1449,RUS,PISAREAD,TOT,2012,475.0,39,1,2,1
1450,RUS,PISAREAD,TOT,2015,495.0,39,1,2,1
1451,RUS,PISAREAD,TOT,2018,479.0,39,1,2,1
1452,SGP,PISAREAD,BOY,2015,525.0,40,1,0,1
1453,SGP,PISAREAD,GIRL,2015,546.0,40,1,1,1
1454,SVN,PISAREAD,TOT,2006,494.0,42,1,2,1
1455,SVN,PISAREAD,TOT,2009,483.0,42,1,2,1
1456,SVN,PISAREAD,TOT,2012,481.0,42,1,2,1
1457,SVN,PISAREAD,TOT,2015,505.0,42,1,2,1
1458,SVN,PISAREAD,TOT,2018,495.0,42,1,2,1
1459,OAVG,PISAREAD,TOT,2012,496.0,35,1,2,1
1460,OAVG,PISAREAD,TOT,2015,493.0,35,1,2,1
1461,OAVG,PISAREAD,TOT,2018,487.0,35,1,2,1
1462,COL,PISAREAD,TOT,2015,425.0,7,1,2,2
1463,COL,PISAREAD,TOT,2018,412.0,7,1,2,2
1464,COL,PISAREAD,BOY,2015,417.0,7,1,0,2
1465,COL,PISAREAD,BOY,2018,407.0,7,1,0,2
1466,COL,PISAREAD,GIRL,2015,432.0,7,1,1,2
1467,COL,PISAREAD,GIRL,2018,417.0,7,1,1,2
1468,HKG,PISAREAD,TOT,2015,527.0,18,1,2,1
1469,HKG,PISAREAD,BOY,2015,513.0,18,1,0,1
1470,HKG,PISAREAD,GIRL,2015,541.0,18,1,1,1
1471,PER,PISAREAD,TOT,2015,398.0,36,1,2,2
1472,PER,PISAREAD,BOY,2015,394.0,36,1,0,2
1473,PER,PISAREAD,GIRL,2015,401.0,36,1,1,2
1474,SGP,PISAREAD,TOT,2015,535.0,40,1,2,1
1475,TWN,PISAREAD,TOT,2015,497.0,45,1,2,1
1476,TWN,PISAREAD,BOY,2015,485.0,45,1,0,1
1477,TWN,PISAREAD,GIRL,2015,510.0,45,1,1,1
1478,MAC,PISAREAD,TOT,2015,509.0,30,1,2,1
1479,MAC,PISAREAD,BOY,2015,493.0,30,1,0,1
1480,MAC,PISAREAD,GIRL,2015,525.0,30,1,1,1
1481,CRI,PISAREAD,TOT,2018,426.0,8,1,2,2
1482,CRI,PISAREAD,BOY,2018,419.0,8,1,0,2
1483,CRI,PISAREAD,GIRL,2018,434.0,8,1,1,2
1484,LTU,PISAREAD,TOT,2018,476.0,27,1,2,1
1485,LTU,PISAREAD,BOY,2018,457.0,27,1,0,2
1486,LTU,PISAREAD,GIRL,2018,496.0,27,1,1,1
1487,AUS,PISASCIENCE,BOY,2006,527.0,0,2,0,1
1488,AUS,PISASCIENCE,BOY,2009,527.0,0,2,0,1
1489,AUS,PISASCIENCE,BOY,2012,523.728,0,2,0,1
1490,AUS,PISASCIENCE,BOY,2015,511.0,0,2,0,1
1491,AUS,PISASCIENCE,BOY,2018,504.0,0,2,0,1
1492,AUS,PISASCIENCE,GIRL,2006,527.0,0,2,1,1
1493,AUS,PISASCIENCE,GIRL,2009,528.0,0,2,1,1
1494,AUS,PISASCIENCE,GIRL,2012,519.124,0,2,1,1
1495,AUS,PISASCIENCE,GIRL,2015,509.0,0,2,1,1
1496,AUS,PISASCIENCE,GIRL,2018,502.0,0,2,1,1
1497,AUT,PISASCIENCE,BOY,2006,515.0,1,2,0,1
1498,AUT,PISASCIENCE,BOY,2012,510.108,1,2,0,1
1499,AUT,PISASCIENCE,BOY,2015,504.0,1,2,0,1
1500,AUT,PISASCIENCE,BOY,2018,491.0,1,2,0,1
1501,AUT,PISASCIENCE,GIRL,2006,507.0,1,2,1,1
1502,AUT,PISASCIENCE,GIRL,2012,501.479,1,2,1,1
1503,AUT,PISASCIENCE,GIRL,2015,486.0,1,2,1,1
1504,AUT,PISASCIENCE,GIRL,2018,489.0,1,2,1,1
1505,BEL,PISASCIENCE,BOY,2006,511.0,2,2,0,1
1506,BEL,PISASCIENCE,BOY,2009,510.0,2,2,0,1
1507,BEL,PISASCIENCE,BOY,2012,506.82,2,2,0,1
1508,BEL,PISASCIENCE,BOY,2015,508.0,2,2,0,1
1509,BEL,PISASCIENCE,BOY,2018,501.0,2,2,0,1
1510,BEL,PISASCIENCE,GIRL,2006,510.0,2,2,1,1
1511,BEL,PISASCIENCE,GIRL,2009,503.0,2,2,1,1
1512,BEL,PISASCIENCE,GIRL,2012,502.9,2,2,1,1
1513,BEL,PISASCIENCE,GIRL,2015,496.0,2,2,1,1
1514,BEL,PISASCIENCE,GIRL,2018,496.0,2,2,1,1
1515,CAN,PISASCIENCE,BOY,2006,536.0,4,2,0,1
1516,CAN,PISASCIENCE,BOY,2009,531.0,4,2,0,1
1517,CAN,PISASCIENCE,BOY,2012,526.875,4,2,0,1
1518,CAN,PISASCIENCE,BOY,2015,528.0,4,2,0,1
1519,CAN,PISASCIENCE,BOY,2018,516.0,4,2,0,1
1520,CAN,PISASCIENCE,GIRL,2006,532.0,4,2,1,1
1521,CAN,PISASCIENCE,GIRL,2009,526.0,4,2,1,1
1522,CAN,PISASCIENCE,GIRL,2012,524.053,4,2,1,1
1523,CAN,PISASCIENCE,GIRL,2015,527.0,4,2,1,1
1524,CAN,PISASCIENCE,GIRL,2018,520.0,4,2,1,1
1525,CZE,PISASCIENCE,BOY,2006,515.0,9,2,0,1
1526,CZE,PISASCIENCE,BOY,2009,498.0,9,2,0,1
1527,CZE,PISASCIENCE,BOY,2012,508.721,9,2,0,1
1528,CZE,PISASCIENCE,BOY,2015,497.0,9,2,0,1
1529,CZE,PISASCIENCE,BOY,2018,496.0,9,2,0,1
1530,CZE,PISASCIENCE,GIRL,2006,510.0,9,2,1,1
1531,CZE,PISASCIENCE,GIRL,2009,503.0,9,2,1,1
1532,CZE,PISASCIENCE,GIRL,2012,507.855,9,2,1,1
1533,CZE,PISASCIENCE,GIRL,2015,488.0,9,2,1,1
1534,CZE,PISASCIENCE,GIRL,2018,498.0,9,2,1,1
1535,DNK,PISASCIENCE,BOY,2006,500.0,11,2,0,1
1536,DNK,PISASCIENCE,BOY,2009,505.0,11,2,0,1
1537,DNK,PISASCIENCE,BOY,2012,503.533,11,2,0,1
1538,DNK,PISASCIENCE,BOY,2015,505.0,11,2,0,1
1539,DNK,PISASCIENCE,BOY,2018,492.0,11,2,0,1
1540,DNK,PISASCIENCE,GIRL,2006,491.0,11,2,1,1
1541,DNK,PISASCIENCE,GIRL,2009,494.0,11,2,1,1
1542,DNK,PISASCIENCE,GIRL,2012,493.363,11,2,1,1
1543,DNK,PISASCIENCE,GIRL,2015,499.0,11,2,1,1
1544,DNK,PISASCIENCE,GIRL,2018,494.0,11,2,1,1
1545,FIN,PISASCIENCE,BOY,2006,562.0,14,2,0,1
1546,FIN,PISASCIENCE,BOY,2009,546.0,14,2,0,1
1547,FIN,PISASCIENCE,BOY,2012,537.436,14,2,0,1
1548,FIN,PISASCIENCE,BOY,2015,521.0,14,2,0,1
1549,FIN,PISASCIENCE,BOY,2018,510.0,14,2,0,1
1550,FIN,PISASCIENCE,GIRL,2006,565.0,14,2,1,1
1551,FIN,PISASCIENCE,GIRL,2009,562.0,14,2,1,1
1552,FIN,PISASCIENCE,GIRL,2012,553.893,14,2,1,1
1553,FIN,PISASCIENCE,GIRL,2015,541.0,14,2,1,1
1554,FIN,PISASCIENCE,GIRL,2018,534.0,14,2,1,1
1555,FRA,PISASCIENCE,BOY,2006,497.0,15,2,0,1
1556,FRA,PISASCIENCE,BOY,2009,500.0,15,2,0,1
1557,FRA,PISASCIENCE,BOY,2012,497.716,15,2,0,1
1558,FRA,PISASCIENCE,BOY,2015,496.0,15,2,0,1
1559,FRA,PISASCIENCE,BOY,2018,493.0,15,2,0,1
1560,FRA,PISASCIENCE,GIRL,2006,494.0,15,2,1,1
1561,FRA,PISASCIENCE,GIRL,2009,497.0,15,2,1,1
1562,FRA,PISASCIENCE,GIRL,2012,500.157,15,2,1,1
1563,FRA,PISASCIENCE,GIRL,2015,494.0,15,2,1,1
1564,FRA,PISASCIENCE,GIRL,2018,493.0,15,2,1,1
1565,DEU,PISASCIENCE,BOY,2006,519.0,10,2,0,1
1566,DEU,PISASCIENCE,BOY,2009,523.0,10,2,0,1
1567,DEU,PISASCIENCE,BOY,2012,523.86,10,2,0,1
1568,DEU,PISASCIENCE,BOY,2015,514.0,10,2,0,1
1569,DEU,PISASCIENCE,BOY,2018,502.0,10,2,0,1
1570,DEU,PISASCIENCE,GIRL,2006,512.0,10,2,1,1
1571,DEU,PISASCIENCE,GIRL,2009,518.0,10,2,1,1
1572,DEU,PISASCIENCE,GIRL,2012,524.391,10,2,1,1
1573,DEU,PISASCIENCE,GIRL,2015,504.0,10,2,1,1
1574,DEU,PISASCIENCE,GIRL,2018,504.0,10,2,1,1
1575,GRC,PISASCIENCE,BOY,2006,468.0,17,2,0,1
1576,GRC,PISASCIENCE,BOY,2009,465.0,17,2,0,1
1577,GRC,PISASCIENCE,BOY,2012,460.02,17,2,0,2
1578,GRC,PISASCIENCE,BOY,2015,451.0,17,2,0,2
1579,GRC,PISASCIENCE,BOY,2018,446.0,17,2,0,2
1580,GRC,PISASCIENCE,GIRL,2006,479.0,17,2,1,1
1581,GRC,PISASCIENCE,GIRL,2009,475.0,17,2,1,1
1582,GRC,PISASCIENCE,GIRL,2012,473.298,17,2,1,1
1583,GRC,PISASCIENCE,GIRL,2015,459.0,17,2,1,2
1584,GRC,PISASCIENCE,GIRL,2018,457.0,17,2,1,2
1585,HUN,PISASCIENCE,BOY,2006,507.0,19,2,0,1
1586,HUN,PISASCIENCE,BOY,2009,503.0,19,2,0,1
1587,HUN,PISASCIENCE,BOY,2012,495.913,19,2,0,1
1588,HUN,PISASCIENCE,BOY,2015,478.0,19,2,0,1
1589,HUN,PISASCIENCE,BOY,2018,484.0,19,2,0,1
1590,HUN,PISASCIENCE,GIRL,2006,501.0,19,2,1,1
1591,HUN,PISASCIENCE,GIRL,2009,503.0,19,2,1,1
1592,HUN,PISASCIENCE,GIRL,2012,492.803,19,2,1,1
1593,HUN,PISASCIENCE,GIRL,2015,475.0,19,2,1,1
1594,HUN,PISASCIENCE,GIRL,2018,478.0,19,2,1,1
1595,ISL,PISASCIENCE,BOY,2006,488.0,22,2,0,1
1596,ISL,PISASCIENCE,BOY,2009,496.0,22,2,0,1
1597,ISL,PISASCIENCE,BOY,2012,476.676,22,2,0,1
1598,ISL,PISASCIENCE,BOY,2015,472.0,22,2,0,1
1599,ISL,PISASCIENCE,BOY,2018,471.0,22,2,0,1
1600,ISL,PISASCIENCE,GIRL,2006,494.0,22,2,1,1
1601,ISL,PISASCIENCE,GIRL,2009,495.0,22,2,1,1
1602,ISL,PISASCIENCE,GIRL,2012,479.669,22,2,1,1
1603,ISL,PISASCIENCE,GIRL,2015,475.0,22,2,1,1
1604,ISL,PISASCIENCE,GIRL,2018,479.0,22,2,1,1
1605,IRL,PISASCIENCE,BOY,2006,508.0,21,2,0,1
1606,IRL,PISASCIENCE,BOY,2009,507.0,21,2,0,1
1607,IRL,PISASCIENCE,BOY,2012,523.942,21,2,0,1
1608,IRL,PISASCIENCE,BOY,2015,508.0,21,2,0,1
1609,IRL,PISASCIENCE,BOY,2018,495.0,21,2,0,1
1610,IRL,PISASCIENCE,GIRL,2006,509.0,21,2,1,1
1611,IRL,PISASCIENCE,GIRL,2009,509.0,21,2,1,1
1612,IRL,PISASCIENCE,GIRL,2012,520.0,21,2,1,1
1613,IRL,PISASCIENCE,GIRL,2015,497.0,21,2,1,1
1614,IRL,PISASCIENCE,GIRL,2018,497.0,21,2,1,1
1615,ITA,PISASCIENCE,BOY,2006,477.0,24,2,0,1
1616,ITA,PISASCIENCE,BOY,2009,488.0,24,2,0,1
1617,ITA,PISASCIENCE,BOY,2012,494.897,24,2,0,1
1618,ITA,PISASCIENCE,BOY,2015,489.0,24,2,0,1
1619,ITA,PISASCIENCE,BOY,2018,470.0,24,2,0,1
1620,ITA,PISASCIENCE,GIRL,2006,474.0,24,2,1,1
1621,ITA,PISASCIENCE,GIRL,2009,490.0,24,2,1,1
1622,ITA,PISASCIENCE,GIRL,2012,492.087,24,2,1,1
1623,ITA,PISASCIENCE,GIRL,2015,472.0,24,2,1,1
1624,ITA,PISASCIENCE,GIRL,2018,466.0,24,2,1,1
1625,JPN,PISASCIENCE,BOY,2006,533.0,25,2,0,1
1626,JPN,PISASCIENCE,BOY,2009,534.0,25,2,0,1
1627,JPN,PISASCIENCE,BOY,2012,551.947,25,2,0,1
1628,JPN,PISASCIENCE,BOY,2015,545.0,25,2,0,1
1629,JPN,PISASCIENCE,BOY,2018,531.0,25,2,0,1
1630,JPN,PISASCIENCE,GIRL,2006,530.0,25,2,1,1
1631,JPN,PISASCIENCE,GIRL,2009,545.0,25,2,1,1
1632,JPN,PISASCIENCE,GIRL,2012,540.959,25,2,1,1
1633,JPN,PISASCIENCE,GIRL,2015,532.0,25,2,1,1
1634,JPN,PISASCIENCE,GIRL,2018,528.0,25,2,1,1
1635,KOR,PISASCIENCE,BOY,2006,521.0,26,2,0,1
1636,KOR,PISASCIENCE,BOY,2009,537.0,26,2,0,1
1637,KOR,PISASCIENCE,BOY,2012,539.408,26,2,0,1
1638,KOR,PISASCIENCE,BOY,2015,511.0,26,2,0,1
1639,KOR,PISASCIENCE,BOY,2018,521.0,26,2,0,1
1640,KOR,PISASCIENCE,GIRL,2006,523.0,26,2,1,1
1641,KOR,PISASCIENCE,GIRL,2009,539.0,26,2,1,1
1642,KOR,PISASCIENCE,GIRL,2012,535.93,26,2,1,1
1643,KOR,PISASCIENCE,GIRL,2015,521.0,26,2,1,1
1644,KOR,PISASCIENCE,GIRL,2018,517.0,26,2,1,1
1645,LUX,PISASCIENCE,BOY,2006,491.0,28,2,0,1
1646,LUX,PISASCIENCE,BOY,2009,487.0,28,2,0,1
1647,LUX,PISASCIENCE,BOY,2012,498.715,28,2,0,1
1648,LUX,PISASCIENCE,BOY,2015,487.0,28,2,0,1
1649,LUX,PISASCIENCE,BOY,2018,475.0,28,2,0,1
1650,LUX,PISASCIENCE,GIRL,2006,482.0,28,2,1,1
1651,LUX,PISASCIENCE,GIRL,2009,480.0,28,2,1,1
1652,LUX,PISASCIENCE,GIRL,2012,483.484,28,2,1,1
1653,LUX,PISASCIENCE,GIRL,2015,479.0,28,2,1,1
1654,LUX,PISASCIENCE,GIRL,2018,479.0,28,2,1,1
1655,MEX,PISASCIENCE,BOY,2006,413.0,31,2,0,2
1656,MEX,PISASCIENCE,BOY,2009,419.0,31,2,0,2
1657,MEX,PISASCIENCE,BOY,2012,418.128,31,2,0,2
1658,MEX,PISASCIENCE,BOY,2015,420.0,31,2,0,2
1659,MEX,PISASCIENCE,BOY,2018,424.0,31,2,0,2
1660,MEX,PISASCIENCE,GIRL,2006,406.0,31,2,1,2
1661,MEX,PISASCIENCE,GIRL,2009,413.0,31,2,1,2
1662,MEX,PISASCIENCE,GIRL,2012,411.836,31,2,1,2
1663,MEX,PISASCIENCE,GIRL,2015,412.0,31,2,1,2
1664,MEX,PISASCIENCE,GIRL,2018,415.0,31,2,1,2
1665,NLD,PISASCIENCE,BOY,2006,528.0,32,2,0,1
1666,NLD,PISASCIENCE,BOY,2009,524.0,32,2,0,1
1667,NLD,PISASCIENCE,BOY,2012,523.622,32,2,0,1
1668,NLD,PISASCIENCE,BOY,2015,511.0,32,2,0,1
1669,NLD,PISASCIENCE,BOY,2018,499.0,32,2,0,1
1670,NLD,PISASCIENCE,GIRL,2006,521.0,32,2,1,1
1671,NLD,PISASCIENCE,GIRL,2009,520.0,32,2,1,1
1672,NLD,PISASCIENCE,GIRL,2012,520.415,32,2,1,1
1673,NLD,PISASCIENCE,GIRL,2015,507.0,32,2,1,1
1674,NLD,PISASCIENCE,GIRL,2018,508.0,32,2,1,1
1675,NZL,PISASCIENCE,BOY,2006,528.0,34,2,0,1
1676,NZL,PISASCIENCE,BOY,2009,529.0,34,2,0,1
1677,NZL,PISASCIENCE,BOY,2012,517.875,34,2,0,1
1678,NZL,PISASCIENCE,BOY,2015,516.0,34,2,0,1
1679,NZL,PISASCIENCE,BOY,2018,509.0,34,2,0,1
1680,NZL,PISASCIENCE,GIRL,2006,532.0,34,2,1,1
1681,NZL,PISASCIENCE,GIRL,2009,535.0,34,2,1,1
1682,NZL,PISASCIENCE,GIRL,2012,513.297,34,2,1,1
1683,NZL,PISASCIENCE,GIRL,2015,511.0,34,2,1,1
1684,NZL,PISASCIENCE,GIRL,2018,508.0,34,2,1,1
1685,NOR,PISASCIENCE,BOY,2006,484.0,33,2,0,1
1686,NOR,PISASCIENCE,BOY,2009,498.0,33,2,0,1
1687,NOR,PISASCIENCE,BOY,2012,492.792,33,2,0,1
1688,NOR,PISASCIENCE,BOY,2015,500.0,33,2,0,1
1689,NOR,PISASCIENCE,BOY,2018,485.0,33,2,0,1
1690,NOR,PISASCIENCE,GIRL,2006,489.0,33,2,1,1
1691,NOR,PISASCIENCE,GIRL,2009,502.0,33,2,1,1
1692,NOR,PISASCIENCE,GIRL,2012,496.346,33,2,1,1
1693,NOR,PISASCIENCE,GIRL,2015,497.0,33,2,1,1
1694,NOR,PISASCIENCE,GIRL,2018,496.0,33,2,1,1
1695,POL,PISASCIENCE,BOY,2006,500.0,37,2,0,1
1696,POL,PISASCIENCE,BOY,2009,505.0,37,2,0,1
1697,POL,PISASCIENCE,BOY,2012,524.421,37,2,0,1
1698,POL,PISASCIENCE,BOY,2015,504.0,37,2,0,1
1699,POL,PISASCIENCE,BOY,2018,511.0,37,2,0,1
1700,POL,PISASCIENCE,GIRL,2006,496.0,37,2,1,1
1701,POL,PISASCIENCE,GIRL,2009,511.0,37,2,1,1
1702,POL,PISASCIENCE,GIRL,2012,527.149,37,2,1,1
1703,POL,PISASCIENCE,GIRL,2015,498.0,37,2,1,1
1704,POL,PISASCIENCE,GIRL,2018,511.0,37,2,1,1
1705,PRT,PISASCIENCE,BOY,2006,477.0,38,2,0,1
1706,PRT,PISASCIENCE,BOY,2009,491.0,38,2,0,1
1707,PRT,PISASCIENCE,BOY,2012,488.346,38,2,0,1
1708,PRT,PISASCIENCE,BOY,2015,506.0,38,2,0,1
1709,PRT,PISASCIENCE,BOY,2018,494.0,38,2,0,1
1710,PRT,PISASCIENCE,GIRL,2006,472.0,38,2,1,1
1711,PRT,PISASCIENCE,GIRL,2009,495.0,38,2,1,1
1712,PRT,PISASCIENCE,GIRL,2012,490.224,38,2,1,1
1713,PRT,PISASCIENCE,GIRL,2015,496.0,38,2,1,1
1714,PRT,PISASCIENCE,GIRL,2018,489.0,38,2,1,1
1715,SVK,PISASCIENCE,BOY,2006,491.0,41,2,0,1
1716,SVK,PISASCIENCE,BOY,2009,490.0,41,2,0,1
1717,SVK,PISASCIENCE,BOY,2012,474.658,41,2,0,1
1718,SVK,PISASCIENCE,BOY,2015,460.0,41,2,0,2
1719,SVK,PISASCIENCE,BOY,2018,461.0,41,2,0,2
1720,SVK,PISASCIENCE,GIRL,2006,485.0,41,2,1,1
1721,SVK,PISASCIENCE,GIRL,2009,491.0,41,2,1,1
1722,SVK,PISASCIENCE,GIRL,2012,467.385,41,2,1,1
1723,SVK,PISASCIENCE,GIRL,2015,461.0,41,2,1,2
1724,SVK,PISASCIENCE,GIRL,2018,467.0,41,2,1,1
1725,ESP,PISASCIENCE,BOY,2006,491.0,12,2,0,1
1726,ESP,PISASCIENCE,BOY,2009,492.0,12,2,0,1
1727,ESP,PISASCIENCE,BOY,2012,500.119,12,2,0,1
1728,ESP,PISASCIENCE,BOY,2015,496.0,12,2,0,1
1729,ESP,PISASCIENCE,BOY,2018,484.0,12,2,0,1
1730,ESP,PISASCIENCE,GIRL,2006,486.0,12,2,1,1
1731,ESP,PISASCIENCE,GIRL,2009,485.0,12,2,1,1
1732,ESP,PISASCIENCE,GIRL,2012,492.658,12,2,1,1
1733,ESP,PISASCIENCE,GIRL,2015,489.0,12,2,1,1
1734,ESP,PISASCIENCE,GIRL,2018,482.0,12,2,1,1
1735,SWE,PISASCIENCE,BOY,2006,504.0,43,2,0,1
1736,SWE,PISASCIENCE,BOY,2009,493.0,43,2,0,1
1737,SWE,PISASCIENCE,BOY,2012,481.151,43,2,0,1
1738,SWE,PISASCIENCE,BOY,2015,491.0,43,2,0,1
1739,SWE,PISASCIENCE,BOY,2018,496.0,43,2,0,1
1740,SWE,PISASCIENCE,GIRL,2006,503.0,43,2,1,1
1741,SWE,PISASCIENCE,GIRL,2009,497.0,43,2,1,1
1742,SWE,PISASCIENCE,GIRL,2012,488.513,43,2,1,1
1743,SWE,PISASCIENCE,GIRL,2015,496.0,43,2,1,1
1744,SWE,PISASCIENCE,GIRL,2018,503.0,43,2,1,1
1745,CHE,PISASCIENCE,BOY,2006,514.0,5,2,0,1
1746,CHE,PISASCIENCE,BOY,2009,520.0,5,2,0,1
1747,CHE,PISASCIENCE,BOY,2012,518.255,5,2,0,1
1748,CHE,PISASCIENCE,BOY,2015,508.0,5,2,0,1
1749,CHE,PISASCIENCE,BOY,2018,495.0,5,2,0,1
1750,CHE,PISASCIENCE,GIRL,2006,509.0,5,2,1,1
1751,CHE,PISASCIENCE,GIRL,2009,512.0,5,2,1,1
1752,CHE,PISASCIENCE,GIRL,2012,512.331,5,2,1,1
1753,CHE,PISASCIENCE,GIRL,2015,502.0,5,2,1,1
1754,CHE,PISASCIENCE,GIRL,2018,495.0,5,2,1,1
1755,TUR,PISASCIENCE,BOY,2006,418.0,44,2,0,2
1756,TUR,PISASCIENCE,BOY,2009,448.0,44,2,0,2
1757,TUR,PISASCIENCE,BOY,2012,458.316,44,2,0,2
1758,TUR,PISASCIENCE,BOY,2015,422.0,44,2,0,2
1759,TUR,PISASCIENCE,BOY,2018,465.0,44,2,0,1
1760,TUR,PISASCIENCE,GIRL,2006,430.0,44,2,1,2
1761,TUR,PISASCIENCE,GIRL,2009,460.0,44,2,1,2
1762,TUR,PISASCIENCE,GIRL,2012,468.622,44,2,1,1
1763,TUR,PISASCIENCE,GIRL,2015,429.0,44,2,1,2
1764,TUR,PISASCIENCE,GIRL,2018,472.0,44,2,1,1
1765,GBR,PISASCIENCE,BOY,2006,520.0,16,2,0,1
1766,GBR,PISASCIENCE,BOY,2009,519.0,16,2,0,1
1767,GBR,PISASCIENCE,BOY,2012,520.622,16,2,0,1
1768,GBR,PISASCIENCE,BOY,2015,510.0,16,2,0,1
1769,GBR,PISASCIENCE,BOY,2018,506.0,16,2,0,1
1770,GBR,PISASCIENCE,GIRL,2006,510.0,16,2,1,1
1771,GBR,PISASCIENCE,GIRL,2009,509.0,16,2,1,1
1772,GBR,PISASCIENCE,GIRL,2012,507.883,16,2,1,1
1773,GBR,PISASCIENCE,GIRL,2015,509.0,16,2,1,1
1774,GBR,PISASCIENCE,GIRL,2018,503.0,16,2,1,1
1775,USA,PISASCIENCE,BOY,2006,489.0,46,2,0,1
1776,USA,PISASCIENCE,BOY,2009,509.0,46,2,0,1
1777,USA,PISASCIENCE,BOY,2012,496.529,46,2,0,1
1778,USA,PISASCIENCE,BOY,2015,500.0,46,2,0,1
1779,USA,PISASCIENCE,BOY,2018,503.0,46,2,0,1
1780,USA,PISASCIENCE,GIRL,2006,489.0,46,2,1,1
1781,USA,PISASCIENCE,GIRL,2009,495.0,46,2,1,1
1782,USA,PISASCIENCE,GIRL,2012,498.325,46,2,1,1
1783,USA,PISASCIENCE,GIRL,2015,493.0,46,2,1,1
1784,USA,PISASCIENCE,GIRL,2018,502.0,46,2,1,1
1785,BRA,PISASCIENCE,BOY,2006,395.0,3,2,0,2
1786,BRA,PISASCIENCE,BOY,2009,407.0,3,2,0,2
1787,BRA,PISASCIENCE,BOY,2012,405.541,3,2,0,2
1788,BRA,PISASCIENCE,BOY,2015,403.0,3,2,0,2
1789,BRA,PISASCIENCE,BOY,2018,403.0,3,2,0,2
1790,BRA,PISASCIENCE,GIRL,2006,386.0,3,2,1,2
1791,BRA,PISASCIENCE,GIRL,2009,404.0,3,2,1,2
1792,BRA,PISASCIENCE,GIRL,2012,403.949,3,2,1,2
1793,BRA,PISASCIENCE,GIRL,2015,399.0,3,2,1,2
1794,BRA,PISASCIENCE,GIRL,2018,404.0,3,2,1,2
1795,CHL,PISASCIENCE,BOY,2006,448.0,6,2,0,2
1796,CHL,PISASCIENCE,BOY,2009,452.0,6,2,0,2
1797,CHL,PISASCIENCE,BOY,2012,448.441,6,2,0,2
1798,CHL,PISASCIENCE,BOY,2015,454.0,6,2,0,2
1799,CHL,PISASCIENCE,BOY,2018,445.0,6,2,0,2
1800,CHL,PISASCIENCE,GIRL,2006,426.0,6,2,1,2
1801,CHL,PISASCIENCE,GIRL,2009,443.0,6,2,1,2
1802,CHL,PISASCIENCE,GIRL,2012,441.645,6,2,1,2
1803,CHL,PISASCIENCE,GIRL,2015,440.0,6,2,1,2
1804,CHL,PISASCIENCE,GIRL,2018,442.0,6,2,1,2
1805,EST,PISASCIENCE,BOY,2006,530.0,13,2,0,1
1806,EST,PISASCIENCE,BOY,2009,527.0,13,2,0,1
1807,EST,PISASCIENCE,BOY,2012,540.177,13,2,0,1
1808,EST,PISASCIENCE,BOY,2015,536.0,13,2,0,1
1809,EST,PISASCIENCE,BOY,2018,528.0,13,2,0,1
1810,EST,PISASCIENCE,GIRL,2006,533.0,13,2,1,1
1811,EST,PISASCIENCE,GIRL,2009,528.0,13,2,1,1
1812,EST,PISASCIENCE,GIRL,2012,542.608,13,2,1,1
1813,EST,PISASCIENCE,GIRL,2015,533.0,13,2,1,1
1814,EST,PISASCIENCE,GIRL,2018,533.0,13,2,1,1
1815,IDN,PISASCIENCE,BOY,2006,399.0,20,2,0,2
1816,IDN,PISASCIENCE,BOY,2009,378.0,20,2,0,2
1817,IDN,PISASCIENCE,BOY,2012,380.409,20,2,0,2
1818,IDN,PISASCIENCE,BOY,2015,401.0,20,2,0,2
1819,IDN,PISASCIENCE,BOY,2018,393.0,20,2,0,2
1820,IDN,PISASCIENCE,GIRL,2006,387.0,20,2,1,2
1821,IDN,PISASCIENCE,GIRL,2009,387.0,20,2,1,2
1822,IDN,PISASCIENCE,GIRL,2012,383.459,20,2,1,2
1823,IDN,PISASCIENCE,GIRL,2015,405.0,20,2,1,2
1824,IDN,PISASCIENCE,GIRL,2018,399.0,20,2,1,2
1825,ISR,PISASCIENCE,BOY,2006,456.0,23,2,0,2
1826,ISR,PISASCIENCE,BOY,2009,453.0,23,2,0,2
1827,ISR,PISASCIENCE,BOY,2012,469.715,23,2,0,1
1828,ISR,PISASCIENCE,BOY,2015,469.0,23,2,0,1
1829,ISR,PISASCIENCE,BOY,2018,452.0,23,2,0,2
1830,ISR,PISASCIENCE,GIRL,2006,452.0,23,2,1,2
1831,ISR,PISASCIENCE,GIRL,2009,456.0,23,2,1,2
1832,ISR,PISASCIENCE,GIRL,2012,470.419,23,2,1,1
1833,ISR,PISASCIENCE,GIRL,2015,464.0,23,2,1,1
1834,ISR,PISASCIENCE,GIRL,2018,471.0,23,2,1,1
1835,RUS,PISASCIENCE,BOY,2009,477.0,39,2,0,1
1836,RUS,PISASCIENCE,BOY,2012,483.532,39,2,0,1
1837,RUS,PISASCIENCE,BOY,2015,489.0,39,2,0,1
1838,RUS,PISASCIENCE,BOY,2018,477.0,39,2,0,1
1839,RUS,PISASCIENCE,GIRL,2009,480.0,39,2,1,1
1840,RUS,PISASCIENCE,GIRL,2012,489.058,39,2,1,1
1841,RUS,PISASCIENCE,GIRL,2015,485.0,39,2,1,1
1842,RUS,PISASCIENCE,GIRL,2018,478.0,39,2,1,1
1843,SVN,PISASCIENCE,BOY,2006,515.0,42,2,0,1
1844,SVN,PISASCIENCE,BOY,2009,505.0,42,2,0,1
1845,SVN,PISASCIENCE,BOY,2012,509.882,42,2,0,1
1846,SVN,PISASCIENCE,BOY,2015,510.0,42,2,0,1
1847,SVN,PISASCIENCE,BOY,2018,502.0,42,2,0,1
1848,SVN,PISASCIENCE,GIRL,2006,523.0,42,2,1,1
1849,SVN,PISASCIENCE,GIRL,2009,519.0,42,2,1,1
1850,SVN,PISASCIENCE,GIRL,2012,518.717,42,2,1,1
1851,SVN,PISASCIENCE,GIRL,2015,516.0,42,2,1,1
1852,SVN,PISASCIENCE,GIRL,2018,512.0,42,2,1,1
1853,OAVG,PISASCIENCE,BOY,2006,499.441,35,2,0,1
1854,OAVG,PISASCIENCE,BOY,2009,500.853,35,2,0,1
1855,OAVG,PISASCIENCE,BOY,2012,501.863,35,2,0,1
1856,OAVG,PISASCIENCE,BOY,2015,495.0,35,2,0,1
1857,OAVG,PISASCIENCE,BOY,2018,488.0,35,2,0,1
1858,OAVG,PISASCIENCE,GIRL,2006,497.118,35,2,1,1
1859,OAVG,PISASCIENCE,GIRL,2009,500.824,35,2,1,1
1860,OAVG,PISASCIENCE,GIRL,2012,500.406,35,2,1,1
1861,OAVG,PISASCIENCE,GIRL,2015,491.0,35,2,1,1
1862,OAVG,PISASCIENCE,GIRL,2018,490.0,35,2,1,1
1863,LVA,PISASCIENCE,BOY,2015,485.0,29,2,0,1
1864,LVA,PISASCIENCE,BOY,2018,483.0,29,2,0,1
1865,LVA,PISASCIENCE,GIRL,2015,496.0,29,2,1,1
1866,LVA,PISASCIENCE,GIRL,2018,491.0,29,2,1,1
1867,AUS,PISASCIENCE,TOT,2006,527.0,0,2,2,1
1868,AUS,PISASCIENCE,TOT,2009,527.0,0,2,2,1
1869,AUS,PISASCIENCE,TOT,2012,521.0,0,2,2,1
1870,AUS,PISASCIENCE,TOT,2015,510.0,0,2,2,1
1871,AUS,PISASCIENCE,TOT,2018,503.0,0,2,2,1
1872,AUT,PISASCIENCE,TOT,2006,511.0,1,2,2,1
1873,AUT,PISASCIENCE,TOT,2012,506.0,1,2,2,1
1874,AUT,PISASCIENCE,TOT,2015,495.0,1,2,2,1
1875,AUT,PISASCIENCE,TOT,2018,490.0,1,2,2,1
1876,BEL,PISASCIENCE,TOT,2006,510.0,2,2,2,1
1877,BEL,PISASCIENCE,TOT,2009,507.0,2,2,2,1
1878,BEL,PISASCIENCE,TOT,2012,505.0,2,2,2,1
1879,BEL,PISASCIENCE,TOT,2015,502.0,2,2,2,1
1880,BEL,PISASCIENCE,TOT,2018,499.0,2,2,2,1
1881,CAN,PISASCIENCE,TOT,2006,534.0,4,2,2,1
1882,CAN,PISASCIENCE,TOT,2009,529.0,4,2,2,1
1883,CAN,PISASCIENCE,TOT,2012,525.0,4,2,2,1
1884,CAN,PISASCIENCE,TOT,2015,528.0,4,2,2,1
1885,CAN,PISASCIENCE,TOT,2018,518.0,4,2,2,1
1886,CZE,PISASCIENCE,TOT,2006,513.0,9,2,2,1
1887,CZE,PISASCIENCE,TOT,2009,500.0,9,2,2,1
1888,CZE,PISASCIENCE,TOT,2012,508.0,9,2,2,1
1889,CZE,PISASCIENCE,TOT,2015,493.0,9,2,2,1
1890,CZE,PISASCIENCE,TOT,2018,497.0,9,2,2,1
1891,DNK,PISASCIENCE,TOT,2006,496.0,11,2,2,1
1892,DNK,PISASCIENCE,TOT,2009,499.0,11,2,2,1
1893,DNK,PISASCIENCE,TOT,2012,498.0,11,2,2,1
1894,DNK,PISASCIENCE,TOT,2015,502.0,11,2,2,1
1895,DNK,PISASCIENCE,TOT,2018,493.0,11,2,2,1
1896,FIN,PISASCIENCE,TOT,2006,563.0,14,2,2,1
1897,FIN,PISASCIENCE,TOT,2009,554.0,14,2,2,1
1898,FIN,PISASCIENCE,TOT,2012,545.0,14,2,2,1
1899,FIN,PISASCIENCE,TOT,2015,531.0,14,2,2,1
1900,FIN,PISASCIENCE,TOT,2018,522.0,14,2,2,1
1901,FRA,PISASCIENCE,TOT,2006,495.0,15,2,2,1
1902,FRA,PISASCIENCE,TOT,2009,498.0,15,2,2,1
1903,FRA,PISASCIENCE,TOT,2012,499.0,15,2,2,1
1904,FRA,PISASCIENCE,TOT,2015,495.0,15,2,2,1
1905,FRA,PISASCIENCE,TOT,2018,493.0,15,2,2,1
1906,DEU,PISASCIENCE,TOT,2006,516.0,10,2,2,1
1907,DEU,PISASCIENCE,TOT,2009,520.0,10,2,2,1
1908,DEU,PISASCIENCE,TOT,2012,524.0,10,2,2,1
1909,DEU,PISASCIENCE,TOT,2015,509.0,10,2,2,1
1910,DEU,PISASCIENCE,TOT,2018,503.0,10,2,2,1
1911,GRC,PISASCIENCE,TOT,2006,473.0,17,2,2,1
1912,GRC,PISASCIENCE,TOT,2009,470.0,17,2,2,1
1913,GRC,PISASCIENCE,TOT,2012,467.0,17,2,2,1
1914,GRC,PISASCIENCE,TOT,2015,455.0,17,2,2,2
1915,GRC,PISASCIENCE,TOT,2018,452.0,17,2,2,2
1916,HUN,PISASCIENCE,TOT,2006,504.0,19,2,2,1
1917,HUN,PISASCIENCE,TOT,2009,503.0,19,2,2,1
1918,HUN,PISASCIENCE,TOT,2012,494.0,19,2,2,1
1919,HUN,PISASCIENCE,TOT,2015,477.0,19,2,2,1
1920,HUN,PISASCIENCE,TOT,2018,481.0,19,2,2,1
1921,ISL,PISASCIENCE,TOT,2006,491.0,22,2,2,1
1922,ISL,PISASCIENCE,TOT,2009,496.0,22,2,2,1
1923,ISL,PISASCIENCE,TOT,2012,478.0,22,2,2,1
1924,ISL,PISASCIENCE,TOT,2015,473.0,22,2,2,1
1925,ISL,PISASCIENCE,TOT,2018,475.0,22,2,2,1
1926,IRL,PISASCIENCE,TOT,2006,508.0,21,2,2,1
1927,IRL,PISASCIENCE,TOT,2009,508.0,21,2,2,1
1928,IRL,PISASCIENCE,TOT,2012,522.0,21,2,2,1
1929,IRL,PISASCIENCE,TOT,2015,503.0,21,2,2,1
1930,IRL,PISASCIENCE,TOT,2018,496.0,21,2,2,1
1931,ITA,PISASCIENCE,TOT,2006,475.0,24,2,2,1
1932,ITA,PISASCIENCE,TOT,2009,489.0,24,2,2,1
1933,ITA,PISASCIENCE,TOT,2012,494.0,24,2,2,1
1934,ITA,PISASCIENCE,TOT,2015,481.0,24,2,2,1
1935,ITA,PISASCIENCE,TOT,2018,468.0,24,2,2,1
1936,JPN,PISASCIENCE,TOT,2006,531.0,25,2,2,1
1937,JPN,PISASCIENCE,TOT,2009,539.0,25,2,2,1
1938,JPN,PISASCIENCE,TOT,2012,547.0,25,2,2,1
1939,JPN,PISASCIENCE,TOT,2015,538.0,25,2,2,1
1940,JPN,PISASCIENCE,TOT,2018,529.0,25,2,2,1
1941,KOR,PISASCIENCE,TOT,2006,522.0,26,2,2,1
1942,KOR,PISASCIENCE,TOT,2009,538.0,26,2,2,1
1943,KOR,PISASCIENCE,TOT,2012,538.0,26,2,2,1
1944,KOR,PISASCIENCE,TOT,2015,516.0,26,2,2,1
1945,KOR,PISASCIENCE,TOT,2018,519.0,26,2,2,1
1946,LUX,PISASCIENCE,TOT,2006,486.0,28,2,2,1
1947,LUX,PISASCIENCE,TOT,2009,484.0,28,2,2,1
1948,LUX,PISASCIENCE,TOT,2012,491.0,28,2,2,1
1949,LUX,PISASCIENCE,TOT,2015,483.0,28,2,2,1
1950,LUX,PISASCIENCE,TOT,2018,477.0,28,2,2,1
1951,MEX,PISASCIENCE,TOT,2006,410.0,31,2,2,2
1952,MEX,PISASCIENCE,TOT,2009,416.0,31,2,2,2
1953,MEX,PISASCIENCE,TOT,2012,415.0,31,2,2,2
1954,MEX,PISASCIENCE,TOT,2015,416.0,31,2,2,2
1955,MEX,PISASCIENCE,TOT,2018,419.0,31,2,2,2
1956,NLD,PISASCIENCE,TOT,2006,525.0,32,2,2,1
1957,NLD,PISASCIENCE,TOT,2009,522.0,32,2,2,1
1958,NLD,PISASCIENCE,TOT,2012,522.0,32,2,2,1
1959,NLD,PISASCIENCE,TOT,2015,509.0,32,2,2,1
1960,NLD,PISASCIENCE,TOT,2018,503.0,32,2,2,1
1961,NZL,PISASCIENCE,TOT,2006,530.0,34,2,2,1
1962,NZL,PISASCIENCE,TOT,2009,532.0,34,2,2,1
1963,NZL,PISASCIENCE,TOT,2012,516.0,34,2,2,1
1964,NZL,PISASCIENCE,TOT,2015,513.0,34,2,2,1
1965,NZL,PISASCIENCE,TOT,2018,508.0,34,2,2,1
1966,NOR,PISASCIENCE,TOT,2006,487.0,33,2,2,1
1967,NOR,PISASCIENCE,TOT,2009,500.0,33,2,2,1
1968,NOR,PISASCIENCE,TOT,2012,495.0,33,2,2,1
1969,NOR,PISASCIENCE,TOT,2015,498.0,33,2,2,1
1970,NOR,PISASCIENCE,TOT,2018,490.0,33,2,2,1
1971,POL,PISASCIENCE,TOT,2006,498.0,37,2,2,1
1972,POL,PISASCIENCE,TOT,2009,508.0,37,2,2,1
1973,POL,PISASCIENCE,TOT,2012,526.0,37,2,2,1
1974,POL,PISASCIENCE,TOT,2015,501.0,37,2,2,1
1975,POL,PISASCIENCE,TOT,2018,511.0,37,2,2,1
1976,PRT,PISASCIENCE,TOT,2006,474.0,38,2,2,1
1977,PRT,PISASCIENCE,TOT,2009,493.0,38,2,2,1
1978,PRT,PISASCIENCE,TOT,2012,489.0,38,2,2,1
1979,PRT,PISASCIENCE,TOT,2015,501.0,38,2,2,1
1980,PRT,PISASCIENCE,TOT,2018,492.0,38,2,2,1
1981,SVK,PISASCIENCE,TOT,2006,488.0,41,2,2,1
1982,SVK,PISASCIENCE,TOT,2009,490.0,41,2,2,1
1983,SVK,PISASCIENCE,TOT,2012,471.0,41,2,2,1
1984,SVK,PISASCIENCE,TOT,2015,461.0,41,2,2,2
1985,SVK,PISASCIENCE,TOT,2018,464.0,41,2,2,1
1986,ESP,PISASCIENCE,TOT,2006,488.0,12,2,2,1
1987,ESP,PISASCIENCE,TOT,2009,488.0,12,2,2,1
1988,ESP,PISASCIENCE,TOT,2012,496.0,12,2,2,1
1989,ESP,PISASCIENCE,TOT,2015,493.0,12,2,2,1
1990,ESP,PISASCIENCE,TOT,2018,483.0,12,2,2,1
1991,SWE,PISASCIENCE,TOT,2006,503.0,43,2,2,1
1992,SWE,PISASCIENCE,TOT,2009,495.0,43,2,2,1
1993,SWE,PISASCIENCE,TOT,2012,485.0,43,2,2,1
1994,SWE,PISASCIENCE,TOT,2015,493.0,43,2,2,1
1995,SWE,PISASCIENCE,TOT,2018,499.0,43,2,2,1
1996,CHE,PISASCIENCE,TOT,2006,512.0,5,2,2,1
1997,CHE,PISASCIENCE,TOT,2009,517.0,5,2,2,1
1998,CHE,PISASCIENCE,TOT,2012,515.0,5,2,2,1
1999,CHE,PISASCIENCE,TOT,2015,506.0,5,2,2,1
2000,CHE,PISASCIENCE,TOT,2018,495.0,5,2,2,1
2001,TUR,PISASCIENCE,TOT,2006,424.0,44,2,2,2
2002,TUR,PISASCIENCE,TOT,2009,454.0,44,2,2,2
2003,TUR,PISASCIENCE,TOT,2012,463.0,44,2,2,1
2004,TUR,PISASCIENCE,TOT,2015,425.0,44,2,2,2
2005,TUR,PISASCIENCE,TOT,2018,468.0,44,2,2,1
2006,GBR,PISASCIENCE,TOT,2006,515.0,16,2,2,1
2007,GBR,PISASCIENCE,TOT,2009,514.0,16,2,2,1
2008,GBR,PISASCIENCE,TOT,2012,514.0,16,2,2,1
2009,GBR,PISASCIENCE,TOT,2015,509.0,16,2,2,1
2010,GBR,PISASCIENCE,TOT,2018,505.0,16,2,2,1
2011,USA,PISASCIENCE,TOT,2006,489.0,46,2,2,1
2012,USA,PISASCIENCE,TOT,2009,502.0,46,2,2,1
2013,USA,PISASCIENCE,TOT,2012,497.0,46,2,2,1
2014,USA,PISASCIENCE,TOT,2015,496.0,46,2,2,1
2015,USA,PISASCIENCE,TOT,2018,502.0,46,2,2,1
2016,BRA,PISASCIENCE,TOT,2006,390.0,3,2,2,2
2017,BRA,PISASCIENCE,TOT,2009,405.0,3,2,2,2
2018,BRA,PISASCIENCE,TOT,2012,402.0,3,2,2,2
2019,BRA,PISASCIENCE,TOT,2015,401.0,3,2,2,2
2020,BRA,PISASCIENCE,TOT,2018,404.0,3,2,2,2
2021,CHL,PISASCIENCE,TOT,2006,438.0,6,2,2,2
2022,CHL,PISASCIENCE,TOT,2009,447.0,6,2,2,2
2023,CHL,PISASCIENCE,TOT,2012,445.0,6,2,2,2
2024,CHL,PISASCIENCE,TOT,2015,447.0,6,2,2,2
2025,CHL,PISASCIENCE,TOT,2018,444.0,6,2,2,2
2026,EST,PISASCIENCE,TOT,2006,531.0,13,2,2,1
2027,EST,PISASCIENCE,TOT,2009,528.0,13,2,2,1
2028,EST,PISASCIENCE,TOT,2012,541.0,13,2,2,1
2029,EST,PISASCIENCE,TOT,2015,534.0,13,2,2,1
2030,EST,PISASCIENCE,TOT,2018,530.0,13,2,2,1
2031,IDN,PISASCIENCE,TOT,2006,393.0,20,2,2,2
2032,IDN,PISASCIENCE,TOT,2009,383.0,20,2,2,2
2033,IDN,PISASCIENCE,TOT,2012,382.0,20,2,2,2
2034,IDN,PISASCIENCE,TOT,2015,403.0,20,2,2,2
2035,IDN,PISASCIENCE,TOT,2018,396.0,20,2,2,2
2036,ISR,PISASCIENCE,TOT,2006,454.0,23,2,2,2
2037,ISR,PISASCIENCE,TOT,2009,455.0,23,2,2,2
2038,ISR,PISASCIENCE,TOT,2012,470.0,23,2,2,1
2039,ISR,PISASCIENCE,TOT,2015,467.0,23,2,2,1
2040,ISR,PISASCIENCE,TOT,2018,462.0,23,2,2,1
2041,LVA,PISASCIENCE,TOT,2006,490.0,29,2,2,1
2042,LVA,PISASCIENCE,TOT,2009,494.0,29,2,2,1
2043,LVA,PISASCIENCE,TOT,2012,502.0,29,2,2,1
2044,LVA,PISASCIENCE,TOT,2015,490.0,29,2,2,1
2045,LVA,PISASCIENCE,TOT,2018,487.0,29,2,2,1
2046,RUS,PISASCIENCE,TOT,2006,478.0,39,2,2,1
2047,RUS,PISASCIENCE,TOT,2009,486.0,39,2,2,1
2048,RUS,PISASCIENCE,TOT,2012,487.0,39,2,2,1
2049,RUS,PISASCIENCE,TOT,2018,478.0,39,2,2,1
2050,SGP,PISASCIENCE,BOY,2015,559.0,40,2,0,1
2051,SGP,PISASCIENCE,GIRL,2015,552.0,40,2,1,1
2052,SVN,PISASCIENCE,TOT,2006,519.0,42,2,2,1
2053,SVN,PISASCIENCE,TOT,2009,512.0,42,2,2,1
2054,SVN,PISASCIENCE,TOT,2012,514.0,42,2,2,1
2055,SVN,PISASCIENCE,TOT,2015,513.0,42,2,2,1
2056,SVN,PISASCIENCE,TOT,2018,507.0,42,2,2,1
2057,OAVG,PISASCIENCE,TOT,2006,498.0,35,2,2,1
2058,OAVG,PISASCIENCE,TOT,2009,501.0,35,2,2,1
2059,OAVG,PISASCIENCE,TOT,2012,501.0,35,2,2,1
2060,OAVG,PISASCIENCE,TOT,2015,493.0,35,2,2,1
2061,OAVG,PISASCIENCE,TOT,2018,489.0,35,2,2,1
2062,COL,PISASCIENCE,TOT,2015,416.0,7,2,2,2
2063,COL,PISASCIENCE,TOT,2018,413.0,7,2,2,2
2064,COL,PISASCIENCE,BOY,2015,421.0,7,2,0,2
2065,COL,PISASCIENCE,BOY,2018,420.0,7,2,0,2
2066,COL,PISASCIENCE,GIRL,2015,411.0,7,2,1,2
2067,COL,PISASCIENCE,GIRL,2018,407.0,7,2,1,2
2068,HKG,PISASCIENCE,TOT,2015,523.0,18,2,2,1
2069,HKG,PISASCIENCE,BOY,2015,523.0,18,2,0,1
2070,HKG,PISASCIENCE,GIRL,2015,524.0,18,2,1,1
2071,PER,PISASCIENCE,TOT,2015,397.0,36,2,2,2
2072,PER,PISASCIENCE,BOY,2015,402.0,36,2,0,2
2073,PER,PISASCIENCE,GIRL,2015,392.0,36,2,1,2
2074,SGP,PISASCIENCE,TOT,2015,556.0,40,2,2,1
2075,TWN,PISASCIENCE,TOT,2015,532.0,45,2,2,1
2076,TWN,PISASCIENCE,BOY,2015,535.0,45,2,0,1
2077,TWN,PISASCIENCE,GIRL,2015,530.0,45,2,1,1
2078,MAC,PISASCIENCE,TOT,2015,529.0,30,2,2,1
2079,MAC,PISASCIENCE,BOY,2015,525.0,30,2,0,1
2080,MAC,PISASCIENCE,GIRL,2015,532.0,30,2,1,1
2081,CRI,PISASCIENCE,TOT,2018,416.0,8,2,2,2
2082,CRI,PISASCIENCE,BOY,2018,420.0,8,2,0,2
2083,CRI,PISASCIENCE,GIRL,2018,411.0,8,2,1,2
2084,LTU,PISASCIENCE,TOT,2018,482.0,27,2,2,1
2085,LTU,PISASCIENCE,BOY,2018,479.0,27,2,0,1
2086,LTU,PISASCIENCE,GIRL,2018,485.0,27,2,1,1
